,Total Card Count,Creation Date,Merchant
0,22,2022-02-06,Wasabi
1,12,2021-02-01,Wasabi
2,13,2019-09-30,Iceland
3,122,2021-09-09,Iceland
4,1,2019-08-27,Harvey Nichols
5,60,2020-11-19,Iceland
6,8,2020-03-06,Iceland
7,17,2021-09-09,Wasabi
8,1,2017-02-24,Iceland
9,8,2019-10-28,Iceland
10,433,2018-10-30,Iceland
11,176,2020-12-07,Iceland
12,23,2021-09-01,Harvey Nichols
13,98,2022-04-15,Iceland
14,3,2020-02-03,Harvey Nichols
15,16,2021-05-18,Wasabi
16,12,2020-11-29,Harvey Nichols
17,101,2021-05-26,Iceland
18,17,2021-05-01,Wasabi
19,49,2020-11-10,Iceland
20,17,2021-06-09,Wasabi
21,1,2018-06-02,Iceland
22,798,2018-10-25,Iceland
23,138,2021-04-28,Iceland
24,205,2021-11-04,Iceland
25,32,2021-10-16,Wasabi
26,2,2017-08-30,Iceland
27,16,2021-08-23,Harvey Nichols
28,12,2021-05-04,Harvey Nichols
29,12,2021-04-10,Harvey Nichols
30,28,2021-10-25,Harvey Nichols
31,13,2021-06-08,Wasabi
32,2,2019-08-12,Harvey Nichols
33,258,2021-11-03,Iceland
34,145,2020-12-30,Iceland
35,1,2018-02-10,Iceland
36,129,2022-05-14,ASOS
37,1,2022-04-26,ASOS
38,31,2022-05-08,Wasabi
39,8,2019-04-16,Harvey Nichols
40,30,2021-12-02,Harvey Nichols
41,122,2021-04-10,Iceland
42,1,2019-03-04,Iceland
43,26,2021-09-12,Wasabi
44,15,2019-04-12,Iceland
45,5,2020-06-17,Iceland
46,37,2021-04-07,Harvey Nichols
47,12,2021-09-06,Harvey Nichols
48,1,2018-10-29,Harvey Nichols
49,1,2017-11-19,Iceland
50,1,2018-04-30,Harvey Nichols
51,1,2019-07-22,Harvey Nichols
52,6,2021-02-21,Harvey Nichols
53,31,2022-01-02,Wasabi
54,116,2022-05-10,Iceland
55,806,2018-10-08,Iceland
56,9,2019-01-01,Iceland
57,69,2021-10-14,Wasabi
58,153,2020-12-21,Iceland
59,176,2022-03-01,Iceland
60,109,2021-09-02,Iceland
61,201,2022-05-02,ASOS
62,16,2019-09-15,Iceland
63,6,2020-03-20,Iceland
64,20,2022-05-15,Wasabi
65,4,2017-05-07,Iceland
66,13,2021-05-22,Wasabi
67,1,2019-06-11,Harvey Nichols
68,29,2021-03-11,Wasabi
69,2,2019-04-24,Iceland
70,108,2021-06-27,Iceland
71,26,2022-03-15,Wasabi
72,132,2021-12-22,Iceland
73,12,2019-03-14,Iceland
74,12,2021-09-25,Wasabi
75,113,2021-02-08,Iceland
76,5,2020-08-19,Iceland
77,100,2020-10-17,Harvey Nichols
78,6,2019-07-02,Iceland
79,170,2020-12-22,Iceland
80,37,2021-10-01,Harvey Nichols
81,1,2019-05-23,Iceland
82,16,2022-01-31,Wasabi
83,2,2020-05-27,Harvey Nichols
84,149,2021-10-04,Iceland
85,16,2022-04-15,Wasabi
86,30,2022-03-29,Wasabi
87,35,2021-04-06,Harvey Nichols
88,59,2020-11-20,Iceland
89,27,2021-09-30,Harvey Nichols
90,379,2021-10-15,Iceland
91,1,2020-04-08,Iceland
92,127,2022-01-24,Iceland
93,91,2021-02-21,Iceland
94,8,2021-06-12,Harvey Nichols
95,16,2021-05-27,Wasabi
96,2,2019-02-01,Iceland
97,21,2021-12-12,Wasabi
98,95,2022-04-17,Iceland
99,4,2020-07-14,Iceland
100,20,2021-09-13,Wasabi
101,121,2022-03-30,Iceland
102,3,2017-08-04,Iceland
103,104,2020-09-28,Iceland
104,8,2021-02-23,Harvey Nichols
105,3,2016-11-03,Iceland
106,43,2021-10-18,Harvey Nichols
107,4,2020-03-16,Iceland
108,125,2021-09-12,Iceland
109,1,2020-01-12,Harvey Nichols
110,33,2022-01-16,Wasabi
111,7,2020-08-18,Harvey Nichols
112,140,2022-02-25,Iceland
113,284,2018-10-21,Iceland
114,7,2021-02-19,Wasabi
115,98,2021-03-19,Iceland
116,1,2016-11-11,Harvey Nichols
117,110,2021-01-02,Iceland
118,4,2018-08-09,Iceland
119,159,2022-01-08,Iceland
120,15,2021-04-19,Wasabi
121,19,2021-09-27,Harvey Nichols
122,1,2018-04-11,Harvey Nichols
123,2,2018-03-20,Iceland
124,18,2019-09-03,Iceland
125,20,2021-10-02,Wasabi
126,99,2020-10-17,Iceland
127,17,2020-12-12,Harvey Nichols
128,4,2020-12-14,Wasabi
129,109,2021-07-31,Iceland
130,103,2021-02-22,Iceland
131,8,2019-12-07,Iceland
132,11,2020-04-16,Harvey Nichols
133,26,2022-02-13,Wasabi
134,11,2021-03-01,Harvey Nichols
135,1,2018-11-18,Iceland
136,13,2021-05-16,Wasabi
137,136,2022-01-14,Iceland
138,168,2021-07-15,Iceland
139,4,2017-08-09,Iceland
140,5,2018-07-21,Iceland
141,1,2016-12-03,Iceland
142,1,2019-08-18,Iceland
143,4,2019-08-14,Iceland
144,38,2021-11-10,Wasabi
145,32,2021-12-03,Harvey Nichols
146,29,2021-11-22,Wasabi
147,10,2019-05-29,Harvey Nichols
148,11,2019-11-26,Iceland
149,4,2017-06-05,Iceland
150,1,2019-07-02,Harvey Nichols
151,184,2021-07-03,Iceland
152,1,2020-09-03,Harvey Nichols
153,12,2021-08-05,Harvey Nichols
154,15,2019-12-01,Iceland
155,34,2021-11-12,Harvey Nichols
156,4,2020-03-22,Iceland
157,2036,2018-09-25,Iceland
158,1,2018-01-16,Harvey Nichols
159,4,2020-10-26,Iceland
160,2,2019-05-02,Harvey Nichols
161,109,2020-12-26,Iceland
162,102,2022-04-18,Iceland
163,30,2021-11-26,Wasabi
164,4,2020-09-03,Iceland
165,17,2021-04-23,Harvey Nichols
166,116,2020-11-27,Iceland
167,6,2018-01-30,Iceland
168,1,2018-08-01,Harvey Nichols
169,11,2019-10-17,Iceland
170,1,2018-10-02,Harvey Nichols
171,15,2019-11-16,Iceland
172,105,2020-09-30,Iceland
173,17,2021-09-16,Harvey Nichols
174,11,2019-12-20,Iceland
175,119,2021-01-15,Iceland
176,29,2022-04-06,Wasabi
177,2,2019-07-30,Iceland
178,21,2021-11-20,Harvey Nichols
179,10,2019-10-22,Iceland
180,1,2017-07-31,Iceland
181,20,2019-04-30,Harvey Nichols
182,135,2021-09-29,Iceland
183,2,2020-06-06,Iceland
184,1,2016-12-25,Iceland
185,13,2021-07-10,Harvey Nichols
186,36,2021-12-15,Harvey Nichols
187,126,2022-01-17,Iceland
188,23,2021-06-24,Harvey Nichols
189,119,2021-09-01,Iceland
190,1,2017-08-02,Harvey Nichols
191,13,2018-06-20,Iceland
192,1,2016-11-18,Iceland
193,34,2021-11-27,Harvey Nichols
194,2,2019-01-11,Iceland
195,3,2019-08-04,Iceland
196,15,2021-06-26,Wasabi
197,4,2017-05-27,Iceland
198,3,2020-07-15,Harvey Nichols
199,9,2021-05-06,Wasabi
200,3,2017-03-13,Iceland
201,178,2021-08-02,Iceland
202,116,2022-04-24,Iceland
203,33,2022-03-17,Wasabi
204,1860,2018-10-03,Iceland
205,24,2021-09-29,Wasabi
206,1,2017-05-18,Iceland
207,21,2021-09-10,Harvey Nichols
208,111,2021-05-06,Iceland
209,932,2018-10-06,Iceland
210,1,2019-12-18,Harvey Nichols
211,70,2020-12-25,Iceland
212,20,2021-06-01,Harvey Nichols
213,15,2021-01-11,Harvey Nichols
214,9,2021-01-20,Wasabi
215,9,2022-04-20,ASOS
216,4,2020-02-26,Harvey Nichols
217,17,2019-01-19,Iceland
218,9,2021-02-07,Harvey Nichols
219,16,2019-03-19,Iceland
220,9,2021-06-05,Harvey Nichols
221,11,2021-04-05,Wasabi
222,670,2018-10-07,Iceland
223,1,2020-03-13,Harvey Nichols
224,12,2019-11-19,Iceland
225,6,2020-06-22,Iceland
226,3,2020-04-18,Iceland
227,45,2022-01-07,Wasabi
228,16,2021-01-27,Harvey Nichols
229,4,2020-05-29,Iceland
230,1,2020-01-01,Harvey Nichols
231,22,2022-05-13,Wasabi
232,15,2021-10-03,Harvey Nichols
233,107,2020-11-24,Iceland
234,8,2019-12-27,Iceland
235,347,2018-10-18,Iceland
236,138,2021-11-20,Iceland
237,10,2020-02-04,Iceland
238,4,2020-08-10,Iceland
239,6,2020-03-28,Iceland
240,115,2022-01-19,Iceland
241,28,2022-03-07,Wasabi
242,25,2021-11-27,Wasabi
243,11,2021-03-22,Harvey Nichols
244,204,2021-11-26,Iceland
245,93,2021-03-05,Iceland
246,133,2021-12-17,Iceland
247,33,2020-08-14,Iceland
248,5,2019-12-18,Iceland
249,4,2020-03-11,Harvey Nichols
250,65,2021-03-27,Iceland
251,1,2018-07-23,Harvey Nichols
252,8,2018-07-20,Iceland
253,21,2018-11-27,Iceland
254,179,2021-07-05,Iceland
255,123,2022-02-17,Iceland
256,7,2021-03-05,Harvey Nichols
257,1,2017-02-07,Iceland
258,22,2021-06-28,Wasabi
259,97,2021-09-19,Iceland
260,3,2019-06-24,Iceland
261,27,2022-04-09,Wasabi
262,176,2021-10-13,Iceland
263,3,2019-05-08,Harvey Nichols
264,9,2021-01-31,Wasabi
265,5,2020-08-16,Iceland
266,3,2017-04-22,Iceland
267,24,2020-12-02,Harvey Nichols
268,1,2019-01-04,Iceland
269,4,2018-08-22,Iceland
270,6,2021-02-28,Wasabi
271,42,2021-12-08,Harvey Nichols
272,2,2020-05-08,Iceland
273,3,2020-03-27,Iceland
274,1,2020-08-09,Iceland
275,1,2017-01-03,Iceland
276,21,2021-07-26,Wasabi
277,11,2021-03-21,Harvey Nichols
278,2,2020-05-23,Iceland
279,1,2018-03-17,Iceland
280,98,2021-04-06,Iceland
281,5,2020-11-09,Harvey Nichols
282,22,2021-09-10,Wasabi
283,1,2017-07-29,Harvey Nichols
284,19,2021-01-01,Harvey Nichols
285,20,2021-08-30,Harvey Nichols
286,15,2018-07-19,Iceland
287,6,2021-08-22,Harvey Nichols
288,9,2020-03-21,Iceland
289,1,2019-11-17,Harvey Nichols
290,33,2022-02-07,Wasabi
291,2,2016-11-06,Iceland
292,4,2019-12-26,Harvey Nichols
293,15,2021-08-31,Harvey Nichols
294,1,2017-01-23,Harvey Nichols
295,16,2020-11-17,Harvey Nichols
296,1,2018-05-13,Iceland
297,1,2019-03-27,Harvey Nichols
298,18,2021-08-13,Harvey Nichols
299,33,2021-10-10,Wasabi
300,5,2020-09-09,Harvey Nichols
301,9,2021-05-18,Harvey Nichols
302,40,2018-07-04,Iceland
303,13,2021-05-08,Wasabi
304,17,2021-11-19,Wasabi
305,20,2021-09-08,Wasabi
306,2,2018-03-16,Harvey Nichols
307,1,2017-06-30,Iceland
308,2,2020-01-13,Harvey Nichols
309,2,2019-11-18,Harvey Nichols
310,4,2018-11-08,Harvey Nichols
311,142,2021-11-14,Iceland
312,6,2018-08-23,Iceland
313,12,2019-05-29,Iceland
314,14,2021-05-31,Wasabi
315,143,2021-12-20,Iceland
316,1,2017-09-03,Iceland
317,14,2021-05-11,Harvey Nichols
318,252,2022-04-07,Iceland
319,2,2017-03-02,Iceland
320,75,2021-06-19,Iceland
321,11,2021-02-22,Harvey Nichols
322,54,2021-12-25,Iceland
323,86,2021-04-05,Iceland
324,1,2020-06-25,Iceland
325,6,2018-08-07,Iceland
326,17,2021-01-07,Harvey Nichols
327,1,2019-06-09,Iceland
328,8,2019-06-13,Iceland
329,3,2018-07-19,Harvey Nichols
330,1,2017-06-06,Iceland
331,9,2020-01-12,Iceland
332,179,2021-10-26,Iceland
333,3,2021-07-11,Harvey Nichols
334,20,2021-09-13,Harvey Nichols
335,14,2021-08-01,Harvey Nichols
336,17,2021-08-19,Wasabi
337,8,2019-12-15,Iceland
338,17,2020-11-03,Iceland
339,42,2020-11-09,Iceland
340,12,2021-05-13,Wasabi
341,18,2022-02-18,Wasabi
342,12,2019-01-18,Iceland
343,78,2021-08-20,Iceland
344,131,2022-03-22,Iceland
345,3,2018-07-28,Iceland
346,2,2018-01-17,Iceland
347,6,2018-08-30,Iceland
348,9,2021-06-03,Harvey Nichols
349,1,2018-02-13,Iceland
350,199,2022-05-07,ASOS
351,1,2018-11-25,Iceland
352,6,2020-02-15,Iceland
353,111,2021-07-18,Iceland
354,81,2021-08-24,Iceland
355,18,2021-05-02,Wasabi
356,12,2020-01-21,Iceland
357,12,2021-03-26,Harvey Nichols
358,220,2021-10-28,Iceland
359,19,2018-11-19,Iceland
360,3,2020-07-21,Harvey Nichols
361,15,2020-01-05,Iceland
362,4,2020-07-28,Iceland
363,138,2021-01-07,Iceland
364,125,2022-01-27,Iceland
365,11,2019-03-18,Iceland
366,21,2020-12-06,Harvey Nichols
367,18,2020-11-07,Iceland
368,225,2018-11-26,Iceland
369,189,2021-07-13,Iceland
370,2,2020-07-11,Iceland
371,6,2019-12-06,Iceland
372,18,2022-04-21,Wasabi
373,20,2021-11-29,Wasabi
374,27,2022-03-03,Wasabi
375,32,2021-10-21,Wasabi
376,6,2019-10-04,Harvey Nichols
377,2,2019-05-30,Iceland
378,84,2022-05-14,Iceland
379,5,2022-04-22,ASOS
380,1,2017-03-20,Harvey Nichols
381,3,2020-01-27,Iceland
382,81,2021-02-14,Iceland
383,21,2019-11-10,Iceland
384,89,2021-04-22,Iceland
385,8,2020-07-20,Iceland
386,4,2019-09-02,Harvey Nichols
387,16,2021-02-05,Wasabi
388,22,2021-03-18,Harvey Nichols
389,127,2021-02-10,Iceland
390,19,2021-12-13,Harvey Nichols
391,15,2021-05-26,Wasabi
392,101,2020-09-25,Iceland
393,9,2021-02-11,Wasabi
394,123,2021-04-09,Iceland
395,116,2021-09-16,Iceland
396,5,2020-11-21,Harvey Nichols
397,2119,2018-09-24,Iceland
398,1762,2018-09-27,Iceland
399,18,2020-12-20,Harvey Nichols
400,16,2021-07-29,Harvey Nichols
401,19,2022-05-04,Wasabi
402,215,2022-03-10,Iceland
403,2,2019-03-10,Iceland
404,4,2020-07-01,Iceland
405,107,2020-09-29,Iceland
406,17,2022-01-23,Wasabi
407,26,2022-01-28,Wasabi
408,16,2019-09-21,Iceland
409,154,2020-09-20,Iceland
410,4,2019-08-01,Harvey Nichols
411,109,2021-10-02,Iceland
412,4,2020-05-26,Iceland
413,86,2021-04-03,Iceland
414,9,2021-08-12,Harvey Nichols
415,1,2018-08-23,Harvey Nichols
416,15,2021-08-12,Wasabi
417,4,2019-04-24,Harvey Nichols
418,18,2020-11-11,Harvey Nichols
419,23,2019-09-13,Iceland
420,6,2019-05-06,Iceland
421,12,2021-09-17,Wasabi
422,40,2021-12-15,Wasabi
423,3,2019-11-28,Iceland
424,65,2021-05-20,Iceland
425,106,2022-03-14,Iceland
426,11,2021-03-26,Wasabi
427,1,2017-12-05,Iceland
428,19,2019-03-16,Iceland
429,17,2019-09-27,Iceland
430,23,2022-04-11,Wasabi
431,2,2018-03-26,Harvey Nichols
432,13,2018-07-16,Iceland
433,3,2019-03-26,Harvey Nichols
434,5,2018-11-15,Harvey Nichols
435,19,2021-08-28,Wasabi
436,92,2021-06-22,Iceland
437,204,2021-11-12,Iceland
438,5,2020-12-09,Wasabi
439,145,2020-12-05,Iceland
440,1,2018-02-22,Iceland
441,1,2018-04-08,Iceland
442,15,2021-07-30,Wasabi
443,8,2020-10-27,Iceland
444,10,2020-08-06,Harvey Nichols
445,1,2019-04-13,Iceland
446,11,2021-05-23,Harvey Nichols
447,8,2020-02-25,Iceland
448,14,2018-07-13,Iceland
449,1,2020-11-04,Harvey Nichols
450,4,2019-08-15,Iceland
451,19,2019-10-05,Iceland
452,50,2020-11-18,Iceland
453,2,2017-08-15,Iceland
454,100,2021-03-16,Iceland
455,1,2020-03-15,Harvey Nichols
456,13,2022-02-12,Wasabi
457,1,2019-07-29,Iceland
458,3,2017-05-12,Iceland
459,17,2022-03-10,Wasabi
460,136,2021-01-05,Iceland
461,1,2017-09-22,Iceland
462,24,2021-11-22,Harvey Nichols
463,151,2022-04-14,Iceland
464,4,2018-11-20,Iceland
465,29,2020-12-07,Harvey Nichols
466,8,2019-11-20,Iceland
467,1638,2018-10-02,Iceland
468,110,2021-07-19,Iceland
469,89,2021-05-29,Iceland
470,2,2018-12-09,Iceland
471,4,2018-08-15,Iceland
472,10,2019-12-22,Iceland
473,4,2019-03-26,Iceland
474,5,2018-07-23,Iceland
475,3,2020-12-24,Wasabi
476,1,2020-07-19,Iceland
477,4,2020-01-08,Harvey Nichols
478,107,2020-10-14,Harvey Nichols
479,59,2018-11-12,Harvey Nichols
480,14,2021-01-28,Wasabi
481,1,2017-11-17,Harvey Nichols
482,14,2018-12-23,Iceland
483,5,2019-12-13,Iceland
484,479,2018-10-16,Iceland
485,38,2021-11-18,Wasabi
486,1,2020-08-24,Harvey Nichols
487,167,2022-02-09,Iceland
488,6,2020-03-06,Harvey Nichols
489,23,2019-10-07,Iceland
490,15,2021-09-24,Harvey Nichols
491,4,2020-07-29,Iceland
492,1,2017-07-03,Iceland
493,11,2021-02-24,Harvey Nichols
494,9,2021-03-21,Wasabi
495,1,2019-01-23,Harvey Nichols
496,1,2019-04-12,Harvey Nichols
497,27,2022-04-20,Wasabi
498,89,2021-05-10,Iceland
499,5,2021-02-18,Wasabi
500,79,2021-05-02,Iceland
501,36,2021-11-04,Wasabi
502,6,2021-03-31,Harvey Nichols
503,1,2019-12-07,Harvey Nichols
504,34,2021-10-31,Wasabi
505,19,2019-02-08,Iceland
506,69,2021-05-22,Iceland
507,161,2022-03-06,Iceland
508,122,2022-03-03,Iceland
509,1,2018-07-03,Harvey Nichols
510,3,2018-02-01,Iceland
511,30,2022-05-12,Wasabi
512,117,2021-09-18,Iceland
513,131,2022-01-18,Iceland
514,3,2020-02-25,Harvey Nichols
515,3,2020-03-07,Harvey Nichols
516,18,2021-11-05,Harvey Nichols
517,29,2021-12-26,Wasabi
518,20,2022-04-01,Wasabi
519,10,2019-11-22,Iceland
520,155,2021-11-13,Iceland
521,87,2021-03-23,Iceland
522,1,2017-06-08,Harvey Nichols
523,199,2021-07-26,Iceland
524,2,2020-03-09,Harvey Nichols
525,4,2020-06-07,Iceland
526,1,2017-07-02,Iceland
527,12,2019-09-11,Iceland
528,4,2018-01-25,Iceland
529,11,2020-02-21,Iceland
530,91,2022-02-27,Iceland
531,24,2021-10-13,Harvey Nichols
532,99,2021-03-24,Iceland
533,9,2018-11-16,Iceland
534,18,2019-09-17,Iceland
535,176,2022-05-01,ASOS
536,5,2019-06-06,Iceland
537,36,2022-01-18,Wasabi
538,2,2019-01-21,Harvey Nichols
539,42,2021-11-02,Wasabi
540,21,2022-02-21,Wasabi
541,163,2022-04-28,Iceland
542,33,2022-02-02,Wasabi
543,109,2020-10-18,Iceland
544,130,2022-02-03,Iceland
545,82,2021-09-07,Iceland
546,156,2020-12-29,Iceland
547,5,2020-11-01,Iceland
548,81,2021-08-26,Iceland
549,21,2021-10-05,Wasabi
550,108,2021-08-04,Iceland
551,20,2022-01-25,Wasabi
552,38,2021-10-29,Wasabi
553,913,2018-10-27,Iceland
554,7,2021-04-01,Harvey Nichols
555,63,2019-01-08,Iceland
556,149,2022-02-06,Iceland
557,91,2020-10-01,Iceland
558,1,2017-04-16,Harvey Nichols
559,170,2021-08-03,Iceland
560,4,2020-03-17,Iceland
561,146,2020-12-13,Iceland
562,12,2021-05-14,Wasabi
563,15,2019-09-12,Iceland
564,38,2022-04-14,Wasabi
565,90,2020-12-27,Iceland
566,107,2021-05-27,Iceland
567,22,2020-12-24,Harvey Nichols
568,114,2021-01-08,Iceland
569,16,2022-02-14,Wasabi
570,13,2021-12-14,Wasabi
571,30,2021-10-20,Harvey Nichols
572,1,2017-10-13,Iceland
573,7,2021-02-13,Wasabi
574,99,2020-10-10,Harvey Nichols
575,64,2021-08-21,Iceland
576,24,2021-11-07,Harvey Nichols
577,34,2021-11-09,Harvey Nichols
578,3,2018-11-07,Harvey Nichols
579,34,2021-10-25,Wasabi
580,5,2020-08-15,Harvey Nichols
581,23,2022-03-20,Wasabi
582,24,2021-03-17,Wasabi
583,24,2022-04-07,ASOS
584,19,2021-08-18,Wasabi
585,1,2019-06-27,Iceland
586,15,2022-03-24,Wasabi
587,23,2019-11-05,Iceland
588,6,2019-12-30,Iceland
589,110,2020-11-25,Iceland
590,26,2021-10-23,Harvey Nichols
591,1,2018-03-29,Harvey Nichols
592,14,2019-03-11,Harvey Nichols
593,7,2019-11-30,Iceland
594,24,2022-05-03,Wasabi
595,1,2017-11-24,Harvey Nichols
596,4,2020-05-18,Iceland
597,1357,2018-09-17,Iceland
598,2,2016-10-10,Harvey Nichols
599,1,2017-05-21,Iceland
600,34,2021-12-18,Wasabi
601,1,2019-05-15,Harvey Nichols
602,26,2022-01-15,Wasabi
603,1,2019-03-12,Harvey Nichols
604,22,2021-07-27,Wasabi
605,10,2021-01-28,Harvey Nichols
606,5,2020-06-12,Harvey Nichols
607,9,2019-04-07,Iceland
608,15,2021-04-13,Harvey Nichols
609,10,2019-09-26,Iceland
610,35,2019-04-18,Iceland
611,15,2021-07-08,Harvey Nichols
612,3,2020-02-13,Iceland
613,26,2021-12-24,Wasabi
614,14,2020-01-19,Iceland
615,15,2019-03-01,Iceland
616,1,2020-11-18,Wasabi
617,1,2017-11-15,Harvey Nichols
618,10,2021-02-23,Wasabi
619,15,2021-06-25,Harvey Nichols
620,2,2018-11-22,Iceland
621,3,2020-07-13,Iceland
622,1,2019-08-14,Harvey Nichols
623,1,2018-09-19,Harvey Nichols
624,583,2020-09-20,Harvey Nichols
625,179,2021-10-29,Iceland
626,6,2018-11-17,Iceland
627,2,2020-10-28,Harvey Nichols
628,1,2019-06-16,Iceland
629,1,2019-01-17,Iceland
630,20,2019-01-27,Iceland
631,1,2017-07-28,Iceland
632,2,2018-05-17,Iceland
633,1,2018-04-04,Harvey Nichols
634,1,2019-04-27,Iceland
635,1,2018-04-08,Harvey Nichols
636,2,2017-06-18,Iceland
637,13,2019-05-04,Iceland
638,105,2021-10-03,Iceland
639,11,2021-03-06,Wasabi
640,1,2022-04-14,Harvey Nichols
641,35,2021-12-21,Wasabi
642,80,2021-08-16,Iceland
643,98,2021-09-10,Iceland
644,19,2021-11-06,Harvey Nichols
645,27,2021-04-29,Harvey Nichols
646,15,2021-09-18,Harvey Nichols
647,144,2022-03-25,Iceland
648,26,2022-05-07,Wasabi
649,114,2022-05-11,Iceland
650,17,2021-04-09,Harvey Nichols
651,43,2021-10-15,Harvey Nichols
652,17,2021-04-16,Wasabi
653,3,2018-05-11,Iceland
654,11,2021-09-23,Harvey Nichols
655,4,2019-07-07,Iceland
656,18,2021-05-15,Harvey Nichols
657,4,2020-06-18,Harvey Nichols
658,2,2020-07-30,Harvey Nichols
659,168,2021-03-11,Iceland
660,21,2021-07-04,Harvey Nichols
661,106,2021-09-14,Iceland
662,25,2022-04-30,Wasabi
663,1,2017-05-11,Iceland
664,16,2021-08-11,Wasabi
665,14,2021-07-09,Wasabi
666,86,2021-03-18,Iceland
667,14,2018-06-28,Iceland
668,189,2021-12-16,Iceland
669,61,2021-08-22,Iceland
670,6,2020-06-16,Harvey Nichols
671,5,2020-06-19,Iceland
672,110,2022-04-30,Iceland
673,179,2022-02-24,Iceland
674,2,2020-10-28,Iceland
675,6,2019-05-17,Iceland
676,595,2020-09-21,Harvey Nichols
677,99,2021-05-04,Iceland
678,14,2021-05-26,Harvey Nichols
679,3,2018-11-30,Harvey Nichols
680,10,2020-04-01,Iceland
681,1,2016-10-18,Iceland
682,17,2021-08-15,Wasabi
683,2,2018-04-15,Iceland
684,2,2020-01-07,Harvey Nichols
685,109,2020-12-19,Iceland
686,1,2019-11-25,Harvey Nichols
687,1,2022-05-17,Iceland
688,1,2020-04-14,Harvey Nichols
689,1,2016-11-17,Iceland
690,194,2022-05-11,ASOS
691,11,2021-02-05,Harvey Nichols
692,141,2022-04-25,Iceland
693,17,2021-04-14,Harvey Nichols
694,2,2017-02-10,Iceland
695,8,2020-02-20,Iceland
696,9,2021-01-24,Wasabi
697,8,2021-01-25,Wasabi
698,11,2021-02-10,Wasabi
699,4,2020-04-09,Iceland
700,4,2016-10-29,Iceland
701,23,2021-09-21,Wasabi
702,12,2021-09-11,Wasabi
703,34,2021-10-29,Harvey Nichols
704,1,2017-08-31,Iceland
705,5,2020-06-14,Iceland
706,27,2021-11-11,Harvey Nichols
707,7,2021-06-10,Wasabi
708,55,2021-06-20,Iceland
709,130,2021-01-30,Iceland
710,807,2021-12-07,Iceland
711,10,2021-08-15,Harvey Nichols
712,5,2018-08-05,Iceland
713,25,2022-03-21,Wasabi
714,2,2017-04-05,Iceland
715,103,2022-02-20,Iceland
716,21,2022-01-22,Wasabi
717,32,2018-09-12,Iceland
718,8,2018-07-18,Iceland
719,16,2021-08-25,Wasabi
720,131,2022-02-13,Iceland
721,13,2021-03-14,Harvey Nichols
722,2,2019-07-22,Iceland
723,13,2019-02-18,Iceland
724,2,2019-05-20,Harvey Nichols
725,30,2021-10-24,Wasabi
726,8,2020-01-11,Iceland
727,15,2021-05-12,Wasabi
728,1,2017-09-29,Iceland
729,98,2022-04-27,Iceland
730,119,2022-01-30,Iceland
731,677,2018-10-24,Iceland
732,1,2020-04-28,Harvey Nichols
733,11,2021-09-19,Harvey Nichols
734,8,2021-02-25,Wasabi
735,7,2021-03-07,Harvey Nichols
736,1,2019-02-03,Iceland
737,37,2021-10-01,Wasabi
738,1,2017-06-09,Iceland
739,26,2021-12-13,Wasabi
740,11,2019-03-07,Harvey Nichols
741,132,2021-10-01,Iceland
742,28,2019-09-05,Iceland
743,12,2021-02-06,Harvey Nichols
744,89,2021-05-01,Iceland
745,5,2019-05-18,Iceland
746,2,2017-06-19,Iceland
747,13,2020-08-20,Iceland
748,1,2019-10-01,Harvey Nichols
749,73,2021-08-23,Iceland
750,4,2019-06-29,Iceland
751,14,2019-04-21,Iceland
752,9,2020-01-03,Iceland
753,2,2018-02-14,Iceland
754,7,2019-04-17,Harvey Nichols
755,105,2022-01-16,Iceland
756,35,2022-01-05,Wasabi
757,6,2019-07-03,Iceland
758,22,2021-10-21,Harvey Nichols
759,120,2021-09-23,Iceland
760,33,2022-04-28,Wasabi
761,81,2021-02-27,Iceland
762,151,2021-06-28,Iceland
763,1,2017-10-30,Harvey Nichols
764,24,2018-07-09,Iceland
765,1,2022-05-17,Wasabi
766,6,2019-06-30,Iceland
767,8,2019-04-01,Iceland
768,182,2021-01-04,Iceland
769,1311,2018-09-28,Iceland
770,32,2022-01-17,Wasabi
771,100,2021-08-30,Iceland
772,22,2021-10-08,Wasabi
773,23,2021-12-19,Wasabi
774,2,2020-12-31,Wasabi
775,1,2017-12-11,Iceland
776,18,2019-02-04,Iceland
777,93,2021-04-23,Iceland
778,16,2021-08-14,Wasabi
779,7,2020-04-06,Iceland
780,16,2021-02-08,Harvey Nichols
781,21,2021-03-12,Wasabi
782,1,2017-10-09,Iceland
783,3,2020-08-25,Iceland
784,5,2020-09-10,Harvey Nichols
785,23,2022-01-01,Wasabi
786,6,2020-03-11,Iceland
787,1,2018-11-21,Iceland
788,39,2018-12-04,Iceland
789,32,2022-04-07,Wasabi
790,2,2017-08-08,Iceland
791,133,2021-03-12,Iceland
792,23,2019-03-07,Iceland
793,171,2022-01-06,Iceland
794,3,2020-06-13,Iceland
795,77,2020-10-19,Harvey Nichols
796,20,2022-02-17,Wasabi
797,4,2022-04-08,ASOS
798,1,2019-11-07,Harvey Nichols
799,3,2018-08-18,Iceland
800,66,2021-04-25,Iceland
801,9,2020-07-25,Iceland
802,2,2017-01-25,Iceland
803,1,2017-09-01,Iceland
804,3,2016-11-05,Iceland
805,25,2022-02-20,Wasabi
806,1,2018-02-03,Iceland
807,26,2021-07-07,Wasabi
808,16,2019-11-14,Iceland
809,1,2019-09-21,Harvey Nichols
810,2,2020-09-09,Iceland
811,4,2019-11-11,Iceland
812,18,2021-01-27,Wasabi
813,18,2021-12-04,Harvey Nichols
814,13,2021-09-04,Wasabi
815,19,2022-05-01,Wasabi
816,17,2021-08-01,Wasabi
817,28,2021-10-04,Wasabi
818,130,2022-03-11,Iceland
819,8,2020-06-03,Harvey Nichols
820,1,2021-01-10,Wasabi
821,21,2018-11-21,Harvey Nichols
822,4,2020-07-29,Harvey Nichols
823,107,2021-06-17,Iceland
824,11,2021-08-18,Harvey Nichols
825,1,2018-08-31,Harvey Nichols
826,18,2021-06-08,Harvey Nichols
827,5,2019-04-25,Harvey Nichols
828,131,2022-01-09,Iceland
829,189,2022-03-08,Iceland
830,102,2020-10-02,Harvey Nichols
831,1,2020-12-23,Wasabi
832,1,2019-07-01,Harvey Nichols
833,137,2021-12-31,Iceland
834,1,2020-11-02,Wasabi
835,9,2020-11-13,Harvey Nichols
836,1,2017-04-27,Iceland
837,10,2021-08-09,Wasabi
838,1,2017-05-04,Iceland
839,3,2020-06-24,Iceland
840,47,2021-10-18,Wasabi
841,112,2020-10-19,Iceland
842,19,2021-08-05,Wasabi
843,15,2021-02-04,Wasabi
844,2,2016-12-12,Iceland
845,183,2021-10-25,Iceland
846,1,2019-06-21,Harvey Nichols
847,7,2021-02-10,Harvey Nichols
848,13,2018-11-27,Harvey Nichols
849,10,2021-01-13,Harvey Nichols
850,207,2022-02-05,Iceland
851,7,2019-04-28,Iceland
852,102,2021-06-15,Iceland
853,11,2021-01-14,Harvey Nichols
854,1,2020-03-08,Harvey Nichols
855,149,2022-04-10,Iceland
856,70,2021-04-17,Iceland
857,137,2020-12-10,Iceland
858,660,2021-12-03,Iceland
859,4,2021-06-21,Harvey Nichols
860,8,2020-05-19,Iceland
861,1,2017-03-08,Harvey Nichols
862,1,2019-03-13,Harvey Nichols
863,43,2021-04-26,Harvey Nichols
864,8,2021-03-16,Wasabi
865,124,2021-02-15,Iceland
866,193,2021-10-21,Iceland
867,13,2018-12-20,Iceland
868,91,2021-09-11,Iceland
869,1,2020-02-17,Iceland
870,24,2021-04-09,Wasabi
871,2,2017-03-25,Iceland
872,11,2021-06-05,Wasabi
873,6,2019-12-26,Iceland
874,880,2018-10-11,Iceland
875,29,2022-04-24,Wasabi
876,17,2021-07-30,Harvey Nichols
877,29,2020-12-17,Harvey Nichols
878,3,2018-06-25,Harvey Nichols
879,26,2022-02-08,Wasabi
880,26,2020-12-16,Harvey Nichols
881,25,2021-10-24,Harvey Nichols
882,2,2016-11-26,Iceland
883,9,2021-02-06,Wasabi
884,4,2020-06-11,Iceland
885,11,2021-05-30,Harvey Nichols
886,2,2019-02-12,Iceland
887,81,2021-03-30,Iceland
888,36,2021-11-17,Harvey Nichols
889,99,2021-02-19,Iceland
890,102,2020-10-05,Iceland
891,3,2020-04-07,Iceland
892,1,2016-11-15,Iceland
893,122,2022-04-01,Iceland
894,6,2018-12-03,Harvey Nichols
895,131,2022-02-11,Iceland
896,14,2020-01-04,Iceland
897,7,2021-02-27,Wasabi
898,6,2019-04-26,Harvey Nichols
899,184,2021-11-15,Iceland
900,25,2019-10-12,Iceland
901,692,2021-12-08,Iceland
902,69,2020-11-13,Iceland
903,35,2018-06-23,Iceland
904,55,2021-12-07,Harvey Nichols
905,1,2018-02-07,Iceland
906,8,2020-01-31,Iceland
907,1,2018-12-19,Harvey Nichols
908,2,2017-10-02,Iceland
909,4,2020-08-18,Iceland
910,326,2022-04-29,ASOS
911,31,2021-12-20,Wasabi
912,1,2018-05-02,Iceland
913,122,2022-05-02,Iceland
914,2,2018-08-13,Iceland
915,13,2019-07-01,Iceland
916,23,2022-01-11,Wasabi
917,20,2021-09-02,Wasabi
918,147,2021-12-23,Iceland
919,11,2021-06-06,Harvey Nichols
920,1,2020-08-30,Iceland
921,1,2019-03-02,Harvey Nichols
922,16,2021-04-25,Harvey Nichols
923,4,2017-05-31,Iceland
924,940,2021-12-06,Iceland
925,6,2019-12-19,Iceland
926,12,2020-01-02,Iceland
927,3,2020-03-26,Harvey Nichols
928,111,2022-04-02,Iceland
929,9,2021-01-19,Wasabi
930,221,2021-11-01,Iceland
931,22,2021-04-14,Wasabi
932,120,2022-01-01,Iceland
933,2,2020-08-05,Harvey Nichols
934,26,2021-08-06,Wasabi
935,13,2021-05-20,Harvey Nichols
936,26,2020-11-06,Iceland
937,12,2021-03-23,Wasabi
938,88,2021-03-20,Iceland
939,3,2020-09-06,Iceland
940,18,2021-10-30,Harvey Nichols
941,101,2021-12-26,Iceland
942,12,2020-11-02,Harvey Nichols
943,3,2016-12-11,Iceland
944,22,2021-12-11,Harvey Nichols
945,13,2021-01-29,Harvey Nichols
946,6,2021-02-19,Harvey Nichols
947,1,2020-06-21,Iceland
948,132,2021-01-26,Iceland
949,48,2021-03-08,Wasabi
950,22,2021-09-26,Harvey Nichols
951,3,2016-10-17,Iceland
952,15,2020-12-25,Harvey Nichols
953,2,2020-07-09,Iceland
954,4,2021-09-08,Harvey Nichols
955,1,2017-06-23,Iceland
956,13,2021-03-15,Wasabi
957,2,2019-06-20,Harvey Nichols
958,107,2022-04-11,Iceland
959,7,2019-12-03,Iceland
960,8,2021-03-20,Harvey Nichols
961,16,2021-05-17,Wasabi
962,1,2017-07-10,Harvey Nichols
963,13,2021-04-16,Harvey Nichols
964,20,2021-09-21,Harvey Nichols
965,133,2022-03-23,Iceland
966,108,2021-06-16,Iceland
967,3,2020-04-10,Iceland
968,1,2020-10-22,Iceland
969,10,2018-08-10,Iceland
970,9,2018-11-06,Iceland
971,8,2021-03-13,Harvey Nichols
972,19,2021-10-12,Wasabi
973,13,2021-09-04,Harvey Nichols
974,18,2021-01-19,Harvey Nichols
975,14,2021-08-25,Harvey Nichols
976,20,2021-04-28,Harvey Nichols
977,26,2020-12-05,Harvey Nichols
978,42,2021-12-16,Wasabi
979,45,2020-11-22,Iceland
980,17,2021-06-11,Wasabi
981,146,2020-12-18,Iceland
982,14,2021-01-20,Harvey Nichols
983,1,2019-03-28,Harvey Nichols
984,5,2019-12-24,Iceland
985,12,2021-06-20,Wasabi
986,12,2021-08-06,Harvey Nichols
987,99,2021-02-23,Iceland
988,7,2021-03-07,Wasabi
989,83,2022-05-01,Iceland
990,6,2019-11-12,Iceland
991,1,2019-06-26,Harvey Nichols
992,24,2021-11-24,Wasabi
993,4,2020-07-30,Iceland
994,1,2018-03-15,Harvey Nichols
995,130,2021-09-21,Iceland
996,4,2019-02-07,Iceland
997,36,2021-11-25,Wasabi
998,1,2020-06-03,Iceland
999,1,2017-04-17,Iceland
1000,71,2021-12-07,Wasabi
1001,4,2016-10-28,Iceland
1002,5,2020-08-01,Iceland
1003,84,2022-04-16,Iceland
1004,45,2020-11-15,Iceland
1005,3,2018-08-31,Iceland
1006,924,2021-12-05,Iceland
1007,3,2020-04-29,Iceland
1008,140,2022-05-09,Iceland
1009,22,2020-11-02,Iceland
1010,17,2021-08-07,Harvey Nichols
1011,1,2020-08-16,Harvey Nichols
1012,153,2020-12-09,Iceland
1013,1,2019-04-13,Harvey Nichols
1014,133,2021-10-10,Iceland
1015,19,2022-02-15,Wasabi
1016,28,2021-09-27,Wasabi
1017,11,2021-04-18,Harvey Nichols
1018,29,2022-01-21,Wasabi
1019,103,2021-03-17,Iceland
1020,80,2022-03-20,Iceland
1021,1,2018-01-23,Iceland
1022,145,2021-10-30,Iceland
1023,13,2021-03-17,Harvey Nichols
1024,2,2016-10-21,Iceland
1025,1,2016-11-09,Iceland
1026,9,2020-09-15,Iceland
1027,1,2020-01-09,Harvey Nichols
1028,129,2021-09-13,Iceland
1029,1,2017-01-27,Iceland
1030,8,2020-03-18,Iceland
1031,1,2017-05-08,Iceland
1032,16,2021-08-23,Wasabi
1033,27,2022-04-03,Wasabi
1034,2,2018-11-16,Harvey Nichols
1035,20,2022-03-11,Wasabi
1036,4,2021-04-02,Wasabi
1037,105,2021-09-17,Iceland
1038,2,2019-07-11,Harvey Nichols
1039,10,2019-03-08,Iceland
1040,1,2019-11-01,Harvey Nichols
1041,1,2020-11-07,Harvey Nichols
1042,33,2021-07-02,Wasabi
1043,142,2021-01-22,Iceland
1044,4,2019-12-08,Iceland
1045,36,2018-07-02,Iceland
1046,163,2021-07-06,Iceland
1047,18,2021-07-18,Wasabi
1048,6,2020-02-22,Iceland
1049,318,2018-10-22,Iceland
1050,51,2021-12-05,Harvey Nichols
1051,3,2018-08-04,Iceland
1052,210,2022-01-04,Iceland
1053,4,2019-06-12,Iceland
1054,15,2021-05-15,Wasabi
1055,89,2022-03-26,Iceland
1056,116,2022-03-24,Iceland
1057,17,2021-05-28,Wasabi
1058,146,2020-12-02,Iceland
1059,54,2021-11-03,Wasabi
1060,127,2021-08-06,Iceland
1061,13,2021-05-06,Harvey Nichols
1062,8,2019-12-17,Iceland
1063,36,2022-03-04,Wasabi
1064,24,2021-10-13,Wasabi
1065,2,2017-10-26,Harvey Nichols
1066,31,2021-12-04,Wasabi
1067,162,2022-01-03,Iceland
1068,10,2021-08-21,Harvey Nichols
1069,5,2020-01-07,Iceland
1070,109,2021-07-08,Iceland
1071,19,2019-02-26,Iceland
1072,9,2019-02-27,Harvey Nichols
1073,110,2021-06-01,Iceland
1074,1,2019-05-27,Harvey Nichols
1075,4,2020-07-24,Iceland
1076,12,2021-01-22,Wasabi
1077,25,2022-03-08,Wasabi
1078,21,2021-12-10,Harvey Nichols
1079,468,2021-10-14,Iceland
1080,8,2019-05-07,Iceland
1081,3,2017-05-09,Iceland
1082,1,2016-09-21,Harvey Nichols
1083,28,2022-02-03,Wasabi
1084,14,2019-01-26,Iceland
1085,26,2021-04-29,Wasabi
1086,18,2021-12-25,Wasabi
1087,23,2022-03-19,Wasabi
1088,156,2021-11-21,Iceland
1089,1,2020-03-30,Harvey Nichols
1090,1,2018-10-07,Harvey Nichols
1091,95,2021-08-31,Iceland
1092,1,2018-06-07,Harvey Nichols
1093,4,2018-09-09,Iceland
1094,39,2021-10-26,Wasabi
1095,121,2022-04-13,Iceland
1096,6,2020-11-26,Wasabi
1097,9,2020-08-05,Iceland
1098,9,2021-06-12,Wasabi
1099,123,2022-03-05,Iceland
1100,7,2021-04-04,Harvey Nichols
1101,42,2020-08-12,Iceland
1102,2,2019-06-08,Iceland
1103,132,2021-09-22,Iceland
1104,7,2019-07-12,Iceland
1105,18,2019-08-30,Iceland
1106,18,2021-07-21,Wasabi
1107,6,2021-01-18,Wasabi
1108,101,2021-08-10,Iceland
1109,105,2020-10-15,Iceland
1110,14,2021-05-10,Wasabi
1111,5,2020-06-18,Iceland
1112,2,2019-02-20,Iceland
1113,1,2020-07-03,Iceland
1114,84,2020-11-29,Iceland
1115,99,2021-03-26,Iceland
1116,35,2021-11-04,Harvey Nichols
1117,1,2020-12-07,Wasabi
1118,7,2019-05-14,Iceland
1119,1,2020-06-11,Harvey Nichols
1120,72,2020-08-12,Harvey Nichols
1121,10,2021-08-17,Harvey Nichols
1122,23,2022-04-26,Wasabi
1123,13,2019-10-16,Iceland
1124,3,2020-05-15,Iceland
1125,8,2021-03-06,Harvey Nichols
1126,1,2020-05-15,Harvey Nichols
1127,6,2020-10-07,Harvey Nichols
1128,2,2020-05-22,Harvey Nichols
1129,176,2022-01-07,Iceland
1130,40,2021-07-06,Harvey Nichols
1131,14,2020-11-05,Iceland
1132,9,2021-06-17,Wasabi
1133,7,2020-03-12,Iceland
1134,15,2021-06-16,Wasabi
1135,1,2017-08-20,Iceland
1136,4,2019-06-07,Iceland
1137,176,2021-04-26,Iceland
1138,8,2016-11-08,Iceland
1139,32,2021-11-30,Harvey Nichols
1140,13,2018-07-15,Iceland
1141,115,2022-03-21,Iceland
1142,1,2018-05-10,Iceland
1143,12,2019-10-03,Iceland
1144,5,2020-07-21,Iceland
1145,1,2019-04-10,Harvey Nichols
1146,96,2021-04-14,Iceland
1147,142,2021-01-25,Iceland
1148,149,2021-10-06,Iceland
1149,38,2020-12-08,Harvey Nichols
1150,27,2022-03-28,Wasabi
1151,14,2018-06-26,Iceland
1152,4,2020-09-08,Harvey Nichols
1153,18,2021-04-23,Wasabi
1154,118,2022-04-19,Iceland
1155,148,2021-11-07,Iceland
1156,6,2020-11-15,Harvey Nichols
1157,1,2018-11-29,Harvey Nichols
1158,7,2020-08-23,Iceland
1159,17,2021-10-09,Harvey Nichols
1160,5,2019-10-25,Iceland
1161,8,2018-08-14,Iceland
1162,13,2021-04-24,Wasabi
1163,1,2020-06-10,Iceland
1164,13,2019-11-21,Iceland
1165,9,2020-01-09,Iceland
1166,19,2019-08-20,Iceland
1167,15,2021-02-03,Harvey Nichols
1168,30,2021-10-22,Harvey Nichols
1169,5,2020-07-02,Iceland
1170,13,2021-06-09,Harvey Nichols
1171,17,2021-03-02,Harvey Nichols
1172,107,2022-03-28,Iceland
1173,150,2022-02-02,Iceland
1174,22,2021-06-02,Harvey Nichols
1175,2,2016-10-25,Iceland
1176,3,2019-12-02,Harvey Nichols
1177,26,2021-10-04,Harvey Nichols
1178,23,2018-07-10,Iceland
1179,4,2020-08-03,Iceland
1180,136,2021-01-09,Iceland
1181,1,2019-08-30,Harvey Nichols
1182,2,2020-11-20,Wasabi
1183,47,2018-11-29,Iceland
1184,1,2018-04-21,Harvey Nichols
1185,534,2018-10-13,Iceland
1186,264,2022-02-04,Iceland
1187,3,2019-02-26,Harvey Nichols
1188,21,2019-02-02,Iceland
1189,158,2021-12-01,Iceland
1190,10,2019-03-27,Iceland
1191,1,2020-07-17,Harvey Nichols
1192,1,2016-10-20,Harvey Nichols
1193,142,2022-05-15,ASOS
1194,1,2020-07-19,Harvey Nichols
1195,11,2021-06-02,Wasabi
1196,102,2021-04-16,Iceland
1197,12,2021-04-25,Wasabi
1198,18,2021-10-10,Harvey Nichols
1199,28,2022-04-25,Wasabi
1200,3,2018-08-17,Iceland
1201,159,2021-12-29,Iceland
1202,8,2021-05-05,Harvey Nichols
1203,1,2018-05-09,Iceland
1204,41,2022-01-04,Wasabi
1205,4,2019-02-19,Iceland
1206,74,2021-12-05,Wasabi
1207,14,2021-10-02,Harvey Nichols
1208,3,2017-07-15,Iceland
1209,23,2022-05-11,Wasabi
1210,1,2018-06-14,Iceland
1211,8,2021-08-22,Wasabi
1212,211,2021-12-04,Iceland
1213,2,2020-02-27,Harvey Nichols
1214,43,2018-06-22,Iceland
1215,1,2018-03-22,Iceland
1216,1,2019-06-17,Harvey Nichols
1217,73,2021-08-29,Iceland
1218,11,2018-07-11,Iceland
1219,18,2021-05-01,Harvey Nichols
1220,2977,2018-09-21,Iceland
1221,10,2019-03-09,Iceland
1222,27,2021-09-28,Wasabi
1223,136,2021-11-24,Iceland
1224,16,2021-05-19,Wasabi
1225,5,2020-06-12,Iceland
1226,2,2020-02-12,Harvey Nichols
1227,1,2020-03-24,Harvey Nichols
1228,1,2017-02-11,Iceland
1229,10,2019-03-25,Iceland
1230,42,2021-12-09,Harvey Nichols
1231,7,2019-06-01,Iceland
1232,1,2017-06-29,Iceland
1233,1,2019-07-17,Harvey Nichols
1234,1,2019-08-16,Iceland
1235,1,2016-10-20,Iceland
1236,21,2022-03-01,Wasabi
1237,9,2021-02-09,Wasabi
1238,8,2019-02-06,Iceland
1239,136,2022-04-20,Iceland
1240,2,2017-10-23,Iceland
1241,42,2018-11-13,Harvey Nichols
1242,19,2021-06-15,Harvey Nichols
1243,2,2018-11-24,Harvey Nichols
1244,98,2021-03-04,Iceland
1245,5,2018-11-20,Harvey Nichols
1246,19,2021-09-15,Harvey Nichols
1247,22,2021-01-18,Harvey Nichols
1248,2,2019-11-29,Harvey Nichols
1249,17,2021-05-07,Harvey Nichols
1250,1,2017-04-06,Iceland
1251,11,2021-05-03,Wasabi
1252,13,2021-01-21,Wasabi
1253,142,2021-12-11,Iceland
1254,125,2022-03-02,Iceland
1255,21,2021-07-16,Wasabi
1256,1,2019-04-11,Iceland
1257,21,2018-06-29,Iceland
1258,28,2021-05-12,Harvey Nichols
1259,1,2019-08-07,Iceland
1260,113,2021-07-30,Iceland
1261,159,2021-11-06,Iceland
1262,6,2018-07-25,Iceland
1263,110,2020-10-16,Iceland
1264,1654,2018-09-23,Iceland
1265,14,2021-01-22,Harvey Nichols
1266,2,2017-09-02,Iceland
1267,12,2021-07-17,Harvey Nichols
1268,22,2021-09-20,Wasabi
1269,215,2022-03-07,Iceland
1270,141,2021-12-13,Iceland
1271,6,2018-08-29,Iceland
1272,10,2021-01-13,Wasabi
1273,1,2017-06-08,Iceland
1274,95,2021-02-18,Iceland
1275,49,2021-10-17,Wasabi
1276,27,2022-02-23,Wasabi
1277,1,2018-10-15,Harvey Nichols
1278,133,2022-02-28,Iceland
1279,1,2016-11-22,Iceland
1280,15,2019-09-19,Iceland
1281,24,2021-10-06,Wasabi
1282,1,2017-09-25,Iceland
1283,3,2020-11-25,Wasabi
1284,6,2019-01-29,Iceland
1285,1,2020-07-31,Harvey Nichols
1286,96,2021-07-22,Iceland
1287,21,2022-05-10,Wasabi
1288,129,2021-03-01,Iceland
1289,178,2021-10-23,Iceland
1290,120,2021-02-02,Iceland
1291,1,2017-11-02,Harvey Nichols
1292,29,2021-10-05,Harvey Nichols
1293,1,2017-11-27,Harvey Nichols
1294,74,2021-08-28,Iceland
1295,9,2020-07-04,Iceland
1296,8,2019-03-23,Iceland
1297,1,2019-02-07,Harvey Nichols
1298,163,2021-10-24,Iceland
1299,1,2017-11-09,Harvey Nichols
1300,3,2020-06-28,Iceland
1301,1,2017-04-25,Iceland
1302,31,2021-10-19,Wasabi
1303,20,2021-10-30,Wasabi
1304,96,2021-06-11,Iceland
1305,1,2019-01-08,Harvey Nichols
1306,101,2020-10-05,Harvey Nichols
1307,16,2021-05-05,Wasabi
1308,8,2019-11-15,Iceland
1309,11,2021-01-23,Harvey Nichols
1310,104,2022-03-12,Iceland
1311,9,2019-10-26,Iceland
1312,25,2022-04-10,Wasabi
1313,3,2019-09-09,Harvey Nichols
1314,5,2019-06-15,Iceland
1315,17,2021-02-20,Harvey Nichols
1316,38,2020-12-04,Harvey Nichols
1317,2,2021-03-28,Harvey Nichols
1318,27,2021-06-30,Harvey Nichols
1319,24,2021-06-29,Harvey Nichols
1320,27,2022-01-26,Wasabi
1321,8,2019-05-21,Iceland
1322,109,2021-07-10,Iceland
1323,18,2019-09-16,Iceland
1324,100,2021-08-27,Iceland
1325,116,2022-05-16,Iceland
1326,22,2021-09-29,Harvey Nichols
1327,124,2022-01-28,Iceland
1328,13,2021-04-15,Harvey Nichols
1329,46,2020-10-06,Iceland
1330,1,2016-12-11,Harvey Nichols
1331,1,2017-03-27,Iceland
1332,2,2017-07-21,Iceland
1333,3,2017-06-21,Iceland
1334,14,2019-10-18,Iceland
1335,3,2020-05-04,Iceland
1336,23,2019-09-02,Iceland
1337,1,2017-02-20,Iceland
1338,105,2021-08-01,Iceland
1339,22,2021-10-31,Harvey Nichols
1340,19,2021-06-26,Harvey Nichols
1341,18,2019-04-29,Harvey Nichols
1342,7,2021-03-30,Wasabi
1343,12,2021-08-08,Wasabi
1344,11,2021-09-05,Wasabi
1345,8,2020-12-10,Wasabi
1346,1,2017-03-23,Iceland
1347,9,2020-03-15,Iceland
1348,3,2019-06-03,Iceland
1349,1,2019-05-05,Harvey Nichols
1350,3,2018-12-25,Harvey Nichols
1351,10,2019-03-13,Iceland
1352,9,2020-11-03,Harvey Nichols
1353,8,2018-08-20,Iceland
1354,25,2021-07-01,Harvey Nichols
1355,2,2020-05-13,Iceland
1356,24,2021-12-23,Wasabi
1357,23,2021-07-06,Wasabi
1358,12,2021-01-26,Wasabi
1359,4,2020-05-02,Iceland
1360,21,2020-03-05,Iceland
1361,12,2019-09-29,Iceland
1362,11,2021-01-31,Harvey Nichols
1363,86,2020-09-24,Iceland
1364,1,2017-06-13,Iceland
1365,3,2018-01-29,Iceland
1366,314,2018-10-31,Iceland
1367,15,2021-04-06,Wasabi
1368,168,2022-01-10,Iceland
1369,564,2020-09-18,Harvey Nichols
1370,2,2020-11-01,Harvey Nichols
1371,103,2021-05-16,Iceland
1372,6,2020-04-30,Iceland
1373,108,2020-10-13,Harvey Nichols
1374,3,2019-05-13,Harvey Nichols
1375,9,2018-12-04,Harvey Nichols
1376,3,2018-08-21,Iceland
1377,20,2022-03-31,Wasabi
1378,1,2017-03-21,Iceland
1379,78,2021-03-08,Harvey Nichols
1380,1,2017-08-22,Iceland
1381,15,2019-05-21,Harvey Nichols
1382,115,2022-01-29,Iceland
1383,13,2021-02-04,Harvey Nichols
1384,12,2019-12-14,Iceland
1385,118,2021-09-20,Iceland
1386,1,2019-08-05,Iceland
1387,8,2021-02-15,Wasabi
1388,1,2018-02-17,Iceland
1389,143,2021-10-31,Iceland
1390,15,2019-10-23,Iceland
1391,4,2018-04-17,Harvey Nichols
1392,16,2019-09-01,Iceland
1393,31,2021-04-27,Wasabi
1394,6,2020-08-27,Iceland
1395,4,2020-06-02,Iceland
1396,148,2020-09-19,Iceland
1397,19,2022-02-27,Wasabi
1398,1,2017-06-25,Iceland
1399,12,2021-05-21,Harvey Nichols
1400,33,2021-10-23,Wasabi
1401,20,2021-09-15,Wasabi
1402,20,2019-11-09,Iceland
1403,2,2022-04-12,ASOS
1404,86,2021-05-24,Iceland
1405,2,2018-07-29,Iceland
1406,31,2022-01-29,Wasabi
1407,20,2019-08-28,Iceland
1408,2,2020-02-11,Harvey Nichols
1409,15,2021-06-23,Harvey Nichols
1410,1,2019-10-24,Harvey Nichols
1411,1,2018-08-25,Iceland
1412,4,2019-06-04,Harvey Nichols
1413,148,2022-05-03,Iceland
1414,7,2020-02-18,Iceland
1415,14,2020-01-06,Iceland
1416,104,2020-09-22,Iceland
1417,138,2021-09-27,Iceland
1418,252,2022-05-08,Iceland
1419,10,2021-01-25,Harvey Nichols
1420,14,2020-02-08,Iceland
1421,1,2018-02-16,Iceland
1422,9,2019-11-04,Iceland
1423,5,2020-05-09,Iceland
1424,106,2022-04-22,Iceland
1425,1,2018-03-10,Iceland
1426,1,2017-12-07,Harvey Nichols
1427,23,2021-11-23,Harvey Nichols
1428,27,2022-02-22,Wasabi
1429,12,2019-10-13,Iceland
1430,26,2022-03-06,Wasabi
1431,2,2019-04-18,Harvey Nichols
1432,17,2021-06-15,Wasabi
1433,164,2021-11-18,Iceland
1434,62,2021-08-14,Iceland
1435,98,2021-04-13,Iceland
1436,4,2020-09-07,Harvey Nichols
1437,16,2021-07-25,Harvey Nichols
1438,9,2021-03-24,Wasabi
1439,16,2019-09-07,Iceland
1440,4,2016-11-07,Harvey Nichols
1441,1,2019-10-06,Harvey Nichols
1442,244,2021-10-18,Iceland
1443,8,2020-02-11,Iceland
1444,3,2019-07-08,Iceland
1445,8,2021-01-30,Harvey Nichols
1446,4,2020-05-24,Iceland
1447,5,2018-09-10,Iceland
1448,1,2017-12-16,Iceland
1449,4,2019-08-15,Harvey Nichols
1450,2,2017-07-27,Harvey Nichols
1451,139,2021-07-09,Iceland
1452,16,2022-03-26,Wasabi
1453,9,2021-02-20,Wasabi
1454,1,2017-06-14,Harvey Nichols
1455,102,2021-01-17,Iceland
1456,207,2021-11-02,Iceland
1457,5,2016-10-18,Harvey Nichols
1458,5,2018-08-11,Iceland
1459,1,2017-10-31,Iceland
1460,19,2018-12-03,Iceland
1461,1,2018-03-25,Iceland
1462,1,2020-06-15,Harvey Nichols
1463,65,2021-05-18,Iceland
1464,3,2020-04-02,Iceland
1465,7,2021-09-05,Harvey Nichols
1466,165,2021-11-22,Iceland
1467,172,2022-02-10,Iceland
1468,88,2021-05-07,Iceland
1469,1,2017-01-21,Iceland
1470,2,2020-10-29,Harvey Nichols
1471,103,2021-03-15,Iceland
1472,7,2020-06-01,Harvey Nichols
1473,9,2020-10-20,Iceland
1474,2,2020-05-16,Iceland
1475,29,2021-09-30,Wasabi
1476,3,2020-10-30,Wasabi
1477,19,2021-01-11,Wasabi
1478,13,2021-07-11,Wasabi
1479,1,2017-09-23,Iceland
1480,163,2020-12-15,Iceland
1481,136,2022-05-05,Iceland
1482,132,2021-02-17,Iceland
1483,3,2017-03-15,Iceland
1484,33,2022-03-16,Wasabi
1485,5,2019-04-08,Iceland
1486,22,2021-04-20,Harvey Nichols
1487,15,2021-05-24,Harvey Nichols
1488,20,2019-09-08,Iceland
1489,1,2018-09-28,Harvey Nichols
1490,32,2021-11-05,Wasabi
1491,91,2021-07-11,Iceland
1492,1,2017-02-07,Harvey Nichols
1493,3,2020-05-05,Iceland
1494,13,2021-03-02,Wasabi
1495,138,2021-04-27,Iceland
1496,2,2019-01-14,Harvey Nichols
1497,10,2020-03-08,Iceland
1498,133,2021-01-13,Iceland
1499,17,2019-10-27,Iceland
1500,1,2016-12-02,Iceland
1501,81,2021-05-23,Iceland
1502,64,2021-03-09,Wasabi
1503,145,2022-05-07,Iceland
1504,1,2017-06-07,Iceland
1505,579,2020-09-19,Harvey Nichols
1506,1,2019-06-15,Harvey Nichols
1507,4,2020-07-07,Iceland
1508,41,2021-03-10,Wasabi
1509,22,2021-10-07,Harvey Nichols
1510,23,2019-08-22,Iceland
1511,14,2021-01-02,Harvey Nichols
1512,9,2019-04-04,Iceland
1513,104,2021-02-05,Iceland
1514,5,2019-04-19,Iceland
1515,21,2019-11-07,Iceland
1516,1,2020-04-20,Harvey Nichols
1517,9,2019-07-23,Iceland
1518,3,2021-04-18,Wasabi
1519,1,2019-02-02,Harvey Nichols
1520,9,2021-03-25,Harvey Nichols
1521,14,2020-01-26,Iceland
1522,117,2022-01-25,Iceland
1523,14,2021-06-10,Harvey Nichols
1524,15,2021-07-25,Wasabi
1525,8,2019-06-11,Iceland
1526,94,2022-04-23,Iceland
1527,2,2020-07-31,Iceland
1528,13,2019-10-31,Iceland
1529,1,2020-01-22,Harvey Nichols
1530,5,2020-06-02,Harvey Nichols
1531,1,2018-02-13,Harvey Nichols
1532,2,2017-02-06,Iceland
1533,1,2017-07-13,Iceland
1534,24,2021-11-23,Wasabi
1535,4,2017-05-17,Iceland
1536,28,2022-03-12,Wasabi
1537,31,2022-04-29,Wasabi
1538,185,2020-12-14,Iceland
1539,29,2022-01-24,Wasabi
1540,10,2018-11-05,Iceland
1541,13,2019-08-31,Iceland
1542,4,2016-10-30,Iceland
1543,9,2021-02-27,Harvey Nichols
1544,11,2021-03-01,Wasabi
1545,2,2020-06-04,Iceland
1546,3,2017-05-22,Iceland
1547,1,2019-12-19,Harvey Nichols
1548,16,2021-08-24,Wasabi
1549,23,2021-09-23,Wasabi
1550,1,2019-03-10,Harvey Nichols
1551,15,2022-02-01,Wasabi
1552,8,2020-05-11,Harvey Nichols
1553,12,2021-03-19,Harvey Nichols
1554,28,2021-04-28,Wasabi
1555,24,2021-11-15,Harvey Nichols
1556,16,2021-01-03,Harvey Nichols
1557,89,2021-06-10,Iceland
1558,15,2021-07-31,Wasabi
1559,30,2018-07-05,Iceland
1560,1,2019-10-08,Harvey Nichols
1561,4,2019-02-12,Harvey Nichols
1562,100,2021-02-03,Iceland
1563,2,2020-05-01,Iceland
1564,8,2021-02-18,Harvey Nichols
1565,12,2021-07-18,Harvey Nichols
1566,2,2017-03-16,Iceland
1567,112,2021-03-22,Iceland
1568,1,2016-11-16,Harvey Nichols
1569,15,2021-07-23,Wasabi
1570,18,2021-09-20,Harvey Nichols
1571,2,2019-05-07,Harvey Nichols
1572,78,2021-04-18,Iceland
1573,4,2019-07-05,Iceland
1574,35,2020-12-14,Harvey Nichols
1575,52,2022-04-20,Harvey Nichols
1576,28,2021-12-29,Wasabi
1577,2,2020-10-25,Iceland
1578,1,2019-03-01,Harvey Nichols
1579,13,2021-02-17,Wasabi
1580,88,2018-09-16,Iceland
1581,35,2021-03-11,Harvey Nichols
1582,10,2019-05-13,Iceland
1583,30,2021-11-30,Wasabi
1584,121,2022-02-18,Iceland
1585,5,2019-08-01,Iceland
1586,1,2017-06-22,Iceland
1587,123,2021-10-05,Iceland
1588,28,2020-12-11,Harvey Nichols
1589,112,2021-05-03,Iceland
1590,34,2021-04-27,Harvey Nichols
1591,15,2019-02-17,Iceland
1592,1,2017-11-28,Iceland
1593,110,2020-12-28,Iceland
1594,2,2017-02-26,Iceland
1595,33,2021-11-10,Harvey Nichols
1596,13,2021-08-29,Wasabi
1597,13,2019-12-02,Iceland
1598,25,2021-07-03,Wasabi
1599,19,2019-11-13,Iceland
1600,3,2020-06-01,Iceland
1601,5,2020-04-20,Iceland
1602,16,2019-03-22,Iceland
1603,4,2021-06-17,Harvey Nichols
1604,4041,2018-09-19,Iceland
1605,1,2020-05-07,Harvey Nichols
1606,3,2020-06-05,Iceland
1607,3,2019-05-20,Iceland
1608,12,2021-01-26,Harvey Nichols
1609,2,2017-02-14,Iceland
1610,5,2020-10-30,Iceland
1611,9,2021-03-16,Harvey Nichols
1612,7,2020-10-08,Iceland
1613,9,2021-02-12,Wasabi
1614,10,2019-11-01,Iceland
1615,24,2021-09-24,Wasabi
1616,19,2021-07-05,Harvey Nichols
1617,6,2021-04-17,Wasabi
1618,3,2020-08-11,Iceland
1619,3,2019-06-22,Iceland
1620,82,2021-06-21,Iceland
1621,25,2021-12-22,Wasabi
1622,116,2022-05-12,Iceland
1623,22,2021-01-12,Wasabi
1624,10,2021-05-14,Harvey Nichols
1625,8,2019-01-20,Iceland
1626,15,2021-08-24,Harvey Nichols
1627,3,2018-08-24,Iceland
1628,3,2019-05-23,Harvey Nichols
1629,188,2022-02-08,Iceland
1630,3165,2018-09-22,Iceland
1631,1,2018-01-31,Harvey Nichols
1632,3,2020-05-22,Iceland
1633,3,2017-12-09,Iceland
1634,241,2021-10-19,Iceland
1635,256,2022-04-06,Iceland
1636,2,2019-03-05,Harvey Nichols
1637,8,2020-02-27,Iceland
1638,47,2021-11-01,Wasabi
1639,95,2022-04-21,Harvey Nichols
1640,277,2022-03-04,Iceland
1641,201,2021-10-20,Iceland
1642,113,2022-03-17,Iceland
1643,1,2019-02-18,Harvey Nichols
1644,199,2022-02-07,Iceland
1645,29,2021-11-14,Wasabi
1646,18,2021-05-27,Harvey Nichols
1647,19,2021-08-04,Harvey Nichols
1648,153,2021-09-30,Iceland
1649,1,2018-05-19,Iceland
1650,134,2021-12-28,Iceland
1651,17,2021-05-11,Wasabi
1652,80,2021-02-06,Iceland
1653,3,2020-07-08,Iceland
1654,2,2018-09-02,Iceland
1655,22,2021-07-15,Harvey Nichols
1656,14,2018-07-14,Iceland
1657,27,2021-12-11,Wasabi
1658,2,2018-12-23,Harvey Nichols
1659,2,2020-04-03,Iceland
1660,2,2020-05-27,Iceland
1661,122,2021-01-11,Iceland
1662,8,2021-04-03,Harvey Nichols
1663,1,2020-06-20,Iceland
1664,89,2021-02-28,Iceland
1665,2,2017-10-18,Iceland
1666,9,2021-08-07,Wasabi
1667,3,2020-08-21,Iceland
1668,9,2019-10-30,Iceland
1669,75,2021-04-24,Iceland
1670,36,2021-11-01,Harvey Nichols
1671,2,2018-09-01,Iceland
1672,215,2020-12-04,Iceland
1673,4,2019-08-09,Iceland
1674,1,2018-08-01,Iceland
1675,19,2021-05-20,Wasabi
1676,1,2019-09-03,Harvey Nichols
1677,10,2019-03-28,Iceland
1678,16,2019-09-23,Iceland
1679,2,2019-07-06,Iceland
1680,15,2021-02-02,Wasabi
1681,103,2021-09-26,Iceland
1682,14,2021-01-29,Wasabi
1683,18,2020-12-01,Harvey Nichols
1684,3,2019-05-28,Harvey Nichols
1685,24,2018-06-25,Iceland
1686,38,2019-09-04,Iceland
1687,14,2019-11-18,Iceland
1688,15,2021-11-24,Harvey Nichols
1689,27,2022-03-22,Wasabi
1690,21,2019-09-20,Iceland
1691,14,2021-04-22,Harvey Nichols
1692,21,2021-05-25,Harvey Nichols
1693,1,2017-01-12,Iceland
1694,3,2018-09-08,Iceland
1695,14,2019-11-03,Iceland
1696,12,2018-12-22,Iceland
1697,1,2018-05-03,Iceland
1698,6,2019-05-01,Iceland
1699,16,2019-11-25,Iceland
1700,6,2018-07-31,Iceland
1701,38,2018-07-03,Iceland
1702,2,2018-09-04,Iceland
1703,114,2021-01-28,Iceland
1704,1,2018-08-24,Harvey Nichols
1705,22,2021-12-02,Wasabi
1706,17,2019-02-23,Iceland
1707,2,2018-12-28,Iceland
1708,21,2021-09-26,Wasabi
1709,14,2021-01-15,Wasabi
1710,227,2021-10-27,Iceland
1711,2,2016-10-26,Iceland
1712,3,2019-07-31,Iceland
1713,77,2021-09-25,Iceland
1714,21,2021-05-16,Harvey Nichols
1715,11,2021-03-19,Wasabi
1716,47,2021-12-03,Wasabi
1717,27,2021-07-13,Wasabi
1718,1,2017-12-04,Iceland
1719,156,2021-12-30,Iceland
1720,7,2018-11-03,Iceland
1721,1,2020-03-16,Harvey Nichols
1722,45,2021-10-27,Wasabi
1723,30,2021-11-02,Harvey Nichols
1724,104,2022-03-29,Iceland
1725,188,2021-11-10,Iceland
1726,7,2021-02-22,Wasabi
1727,4,2019-12-04,Iceland
1728,23,2018-11-30,Iceland
1729,14,2021-08-28,Harvey Nichols
1730,8,2018-08-06,Iceland
1731,5,2020-01-24,Iceland
1732,115,2021-06-02,Iceland
1733,92,2021-03-06,Iceland
1734,2,2019-05-10,Iceland
1735,2,2019-04-02,Harvey Nichols
1736,71,2021-03-10,Harvey Nichols
1737,2,2022-05-17,ASOS
1738,14,2021-09-09,Harvey Nichols
1739,19,2021-12-31,Wasabi
1740,17,2021-03-23,Harvey Nichols
1741,12,2021-07-24,Harvey Nichols
1742,18,2019-02-21,Iceland
1743,10,2021-07-20,Wasabi
1744,22,2018-12-08,Iceland
1745,4,2021-03-29,Harvey Nichols
1746,11,2018-07-07,Iceland
1747,1,2019-07-13,Harvey Nichols
1748,384,2018-10-17,Iceland
1749,11,2020-11-12,Harvey Nichols
1750,5,2021-04-01,Wasabi
1751,10,2019-12-31,Iceland
1752,22,2018-12-07,Iceland
1753,5,2020-01-13,Iceland
1754,3,2020-07-05,Iceland
1755,23,2021-11-19,Harvey Nichols
1756,33,2022-02-04,Wasabi
1757,2,2018-11-01,Harvey Nichols
1758,9,2020-03-19,Iceland
1759,54,2020-11-14,Iceland
1760,35,2020-09-02,Iceland
1761,113,2020-12-24,Iceland
1762,2,2018-10-26,Harvey Nichols
1763,5,2019-07-10,Iceland
1764,1,2020-03-17,Harvey Nichols
1765,131,2021-09-15,Iceland
1766,6,2020-03-05,Harvey Nichols
1767,29,2021-10-26,Harvey Nichols
1768,15,2021-01-08,Harvey Nichols
1769,7,2020-09-11,Harvey Nichols
1770,10,2021-08-19,Harvey Nichols
1771,1,2016-12-19,Iceland
1772,117,2021-07-20,Iceland
1773,95,2021-04-21,Iceland
1774,1,2019-09-17,Harvey Nichols
1775,123,2021-04-15,Iceland
1776,1,2016-12-15,Iceland
1777,102,2020-09-27,Iceland
1778,1,2020-08-31,Iceland
1779,106,2022-03-13,Iceland
1780,12,2019-11-29,Iceland
1781,2,2020-07-26,Iceland
1782,27,2022-01-20,Wasabi
1783,2,2019-02-24,Iceland
1784,12,2021-05-29,Harvey Nichols
1785,6,2019-04-06,Iceland
1786,2,2019-02-16,Iceland
1787,131,2021-04-07,Iceland
1788,19,2021-06-04,Wasabi
1789,28,2018-07-06,Iceland
1790,10,2020-10-07,Iceland
1791,246,2018-11-01,Iceland
1792,16,2021-06-27,Harvey Nichols
1793,62,2021-10-15,Wasabi
1794,1,2020-05-20,Harvey Nichols
1795,35,2018-12-25,Iceland
1796,15,2021-04-05,Harvey Nichols
1797,1,2019-10-09,Harvey Nichols
1798,99,2022-04-09,Iceland
1799,30,2021-11-26,Harvey Nichols
1800,1,2017-03-08,Iceland
1801,1,2020-09-14,Iceland
1802,106,2022-03-31,Iceland
1803,117,2021-12-12,Iceland
1804,9,2019-06-17,Iceland
1805,14,2020-02-28,Iceland
1806,7,2021-06-07,Wasabi
1807,2,2016-11-01,Iceland
1808,1,2021-01-05,Wasabi
1809,2,2019-12-09,Harvey Nichols
1810,32,2021-12-30,Wasabi
1811,14,2020-03-04,Iceland
1812,35,2022-04-05,Wasabi
1813,21,2021-05-29,Wasabi
1814,8,2020-07-23,Iceland
1815,4,2019-02-09,Iceland
1816,95,2021-09-24,Iceland
1817,148,2022-02-01,Iceland
1818,28,2021-07-04,Wasabi
1819,29,2022-03-30,Wasabi
1820,18,2021-09-14,Harvey Nichols
1821,4,2020-07-12,Iceland
1822,118,2021-01-31,Iceland
1823,7,2021-01-30,Wasabi
1824,11,2021-06-03,Wasabi
1825,1,2020-02-18,Harvey Nichols
1826,14,2021-06-07,Harvey Nichols
1827,1,2018-09-13,Harvey Nichols
1828,10,2019-08-17,Iceland
1829,3,2018-02-12,Iceland
1830,140,2021-01-21,Iceland
1831,98,2020-10-12,Iceland
1832,18,2019-03-20,Iceland
1833,5,2019-07-24,Iceland
1834,17,2021-06-04,Harvey Nichols
1835,104,2021-06-25,Iceland
1836,9,2021-05-24,Wasabi
1837,48,2021-07-27,Harvey Nichols
1838,95,2022-03-27,Iceland
1839,1,2017-03-31,Iceland
1840,9,2021-04-11,Harvey Nichols
1841,1,2020-04-14,Iceland
1842,1,2018-02-18,Iceland
1843,2,2017-05-16,Iceland
1844,103,2022-04-26,Iceland
1845,108,2022-01-23,Iceland
1846,3,2020-05-14,Iceland
1847,1,2018-01-09,Iceland
1848,145,2021-07-27,Iceland
1849,16,2021-07-23,Harvey Nichols
1850,14,2020-11-28,Harvey Nichols
1851,19,2019-10-19,Iceland
1852,7,2020-09-11,Iceland
1853,13,2020-02-26,Iceland
1854,100,2020-09-28,Harvey Nichols
1855,26,2021-09-28,Harvey Nichols
1856,21,2021-08-10,Wasabi
1857,19,2022-03-18,Wasabi
1858,26,2018-09-13,Iceland
1859,19,2021-01-04,Harvey Nichols
1860,2,2017-02-27,Iceland
1861,89,2021-08-07,Iceland
1862,2,2019-07-26,Iceland
1863,18,2019-09-06,Iceland
1864,2,2017-03-01,Iceland
1865,1,2016-09-21,Iceland
1866,1,2020-04-21,Harvey Nichols
1867,73,2021-05-31,Iceland
1868,26,2021-12-01,Harvey Nichols
1869,23,2022-04-04,Wasabi
1870,1,2016-10-23,Harvey Nichols
1871,15,2021-05-04,Wasabi
1872,1,2017-11-17,Iceland
1873,16,2021-06-25,Wasabi
1874,5,2019-05-03,Harvey Nichols
1875,12,2019-01-21,Iceland
1876,90,2021-05-28,Iceland
1877,2,2020-12-18,Wasabi
1878,1,2019-06-10,Harvey Nichols
1879,2,2017-09-10,Iceland
1880,3,2020-06-23,Harvey Nichols
1881,6,2021-02-11,Harvey Nichols
1882,2,2020-07-16,Iceland
1883,28,2022-03-05,Wasabi
1884,1,2017-10-08,Iceland
1885,31,2021-12-28,Wasabi
1886,17,2020-12-28,Harvey Nichols
1887,624,2018-10-29,Iceland
1888,9,2021-01-17,Wasabi
1889,19,2021-12-14,Harvey Nichols
1890,1,2020-08-03,Harvey Nichols
1891,19,2021-07-22,Wasabi
1892,1,2020-04-19,Harvey Nichols
1893,2,2020-05-06,Iceland
1894,113,2021-12-27,Iceland
1895,1,2019-07-07,Harvey Nichols
1896,15,2021-07-19,Harvey Nichols
1897,89,2021-05-11,Iceland
1898,2,2018-07-24,Iceland
1899,105,2020-10-13,Iceland
1900,60,2020-08-26,Harvey Nichols
1901,271,2022-05-08,ASOS
1902,25,2019-10-08,Iceland
1903,10,2021-03-15,Harvey Nichols
1904,1,2016-12-10,Iceland
1905,9,2021-09-25,Harvey Nichols
1906,10,2019-06-05,Iceland
1907,90,2022-03-15,Iceland
1908,20,2019-08-27,Iceland
1909,78,2021-08-17,Iceland
1910,120,2022-02-15,Iceland
1911,3,2020-08-06,Iceland
1912,1,2018-06-15,Harvey Nichols
1913,2,2020-04-13,Iceland
1914,1,2018-09-25,Harvey Nichols
1915,22,2021-08-30,Wasabi
1916,82,2021-09-05,Iceland
1917,3,2016-10-21,Harvey Nichols
1918,111,2021-07-25,Iceland
1919,1,2018-08-19,Iceland
1920,1,2017-04-27,Harvey Nichols
1921,147,2021-01-19,Iceland
1922,36,2021-11-08,Wasabi
1923,9,2021-02-17,Harvey Nichols
1924,38,2021-11-11,Wasabi
1925,90,2021-09-08,Iceland
1926,22,2022-04-13,Wasabi
1927,16,2020-01-29,Iceland
1928,16,2021-05-08,Harvey Nichols
1929,165,2021-06-29,Iceland
1930,93,2021-02-12,Iceland
1931,9,2019-02-22,Iceland
1932,13,2021-06-22,Harvey Nichols
1933,67,2020-11-16,Iceland
1934,3,2020-03-31,Iceland
1935,9,2019-04-25,Iceland
1936,360,2018-10-14,Iceland
1937,11,2019-04-03,Iceland
1938,332,2018-10-20,Iceland
1939,14,2020-09-08,Iceland
1940,5,2020-11-05,Harvey Nichols
1941,4,2020-08-24,Iceland
1942,11,2019-03-15,Harvey Nichols
1943,3,2020-12-16,Wasabi
1944,96,2020-11-26,Iceland
1945,109,2022-05-15,Iceland
1946,3,2019-05-12,Iceland
1947,24,2021-07-03,Harvey Nichols
1948,3,2020-04-22,Iceland
1949,80,2021-09-06,Iceland
1950,1,2017-02-06,Harvey Nichols
1951,5,2018-06-21,Iceland
1952,13,2019-08-25,Iceland
1953,13,2021-08-31,Wasabi
1954,2,2020-08-19,Harvey Nichols
1955,14,2019-12-09,Iceland
1956,33,2020-12-09,Harvey Nichols
1957,19,2019-11-06,Iceland
1958,5,2018-07-27,Iceland
1959,152,2022-01-11,Iceland
1960,5,2020-05-21,Iceland
1961,56,2021-12-06,Harvey Nichols
1962,1,2018-07-27,Harvey Nichols
1963,32,2021-08-02,Harvey Nichols
1964,118,2021-12-14,Iceland
1965,1,2018-02-21,Harvey Nichols
1966,4,2017-06-14,Iceland
1967,128,2021-02-04,Iceland
1968,6,2019-12-12,Iceland
1969,194,2021-10-22,Iceland
1970,3,2019-09-20,Harvey Nichols
1971,5,2020-01-16,Iceland
1972,18,2021-09-18,Wasabi
1973,10,2019-02-25,Iceland
1974,1,2020-03-28,Harvey Nichols
1975,123,2021-12-24,Iceland
1976,56,2021-08-03,Wasabi
1977,69,2021-05-08,Iceland
1978,6,2021-06-13,Harvey Nichols
1979,6,2021-03-27,Harvey Nichols
1980,2,2020-10-20,Harvey Nichols
1981,28,2021-09-22,Wasabi
1982,3,2020-04-24,Iceland
1983,5,2020-10-29,Wasabi
1984,11,2021-03-05,Wasabi
1985,9,2020-11-23,Harvey Nichols
1986,20,2019-07-31,Harvey Nichols
1987,1,2017-12-12,Harvey Nichols
1988,20,2022-02-05,Wasabi
1989,69,2021-06-12,Iceland
1990,12,2021-03-24,Harvey Nichols
1991,1,2020-06-28,Harvey Nichols
1992,7,2020-05-28,Iceland
1993,9,2021-04-11,Wasabi
1994,1,2017-01-26,Iceland
1995,121,2021-06-04,Iceland
1996,147,2021-07-16,Iceland
1997,18,2021-02-16,Harvey Nichols
1998,14,2019-11-23,Iceland
1999,57,2020-11-21,Iceland
2000,18,2021-05-17,Harvey Nichols
2001,23,2019-10-15,Iceland
2002,21,2020-12-30,Harvey Nichols
2003,1,2016-12-06,Harvey Nichols
2004,7,2020-12-21,Wasabi
2005,106,2021-01-24,Iceland
2006,17,2021-04-13,Wasabi
2007,18,2020-12-29,Harvey Nichols
2008,2,2019-06-28,Iceland
2009,158,2022-05-13,ASOS
2010,1,2020-02-07,Harvey Nichols
2011,6,2020-02-06,Iceland
2012,47,2020-10-09,Harvey Nichols
2013,262,2022-04-04,Iceland
2014,20,2021-06-18,Wasabi
2015,62,2021-10-14,Harvey Nichols
2016,31,2022-01-10,Wasabi
2017,99,2020-10-10,Iceland
2018,2,2017-03-03,Iceland
2019,24,2021-10-28,Harvey Nichols
2020,16,2021-02-02,Harvey Nichols
2021,16,2021-10-16,Harvey Nichols
2022,9,2019-01-25,Iceland
2023,9,2021-08-08,Harvey Nichols
2024,7,2019-06-04,Iceland
2025,81,2021-08-19,Iceland
2026,4,2020-04-16,Iceland
2027,13,2021-05-03,Harvey Nichols
2028,8,2021-08-14,Harvey Nichols
2029,3,2019-11-03,Harvey Nichols
2030,3,2016-12-07,Iceland
2031,24,2022-05-09,Wasabi
2032,3,2016-11-11,Iceland
2033,8,2020-10-27,Harvey Nichols
2034,11,2020-01-30,Iceland
2035,8,2020-06-23,Iceland
2036,137,2022-02-21,Iceland
2037,5,2019-07-28,Iceland
2038,155,2021-07-04,Iceland
2039,3,2019-05-17,Harvey Nichols
2040,9,2020-03-14,Iceland
2041,1,2018-03-29,Iceland
2042,1,2020-07-01,Harvey Nichols
2043,1,2019-02-24,Harvey Nichols
2044,2,2020-11-19,Wasabi
2045,32,2021-04-26,Wasabi
2046,13,2019-12-23,Iceland
2047,33,2021-11-20,Wasabi
2048,17,2020-03-13,Iceland
2049,69,2020-11-12,Iceland
2050,2,2018-02-01,Harvey Nichols
2051,5,2019-05-02,Iceland
2052,5,2020-05-11,Iceland
2053,1,2019-12-16,Harvey Nichols
2054,1,2018-08-28,Iceland
2055,13,2021-03-30,Harvey Nichols
2056,1,2019-04-03,Harvey Nichols
2057,1,2020-07-20,Harvey Nichols
2058,96,2021-03-02,Iceland
2059,3,2019-02-19,Harvey Nichols
2060,17,2020-12-19,Harvey Nichols
2061,2,2019-06-19,Iceland
2062,8,2021-03-25,Wasabi
2063,1,2018-04-25,Harvey Nichols
2064,2,2020-05-03,Iceland
2065,1,2020-08-25,Harvey Nichols
2066,19,2021-09-19,Wasabi
2067,16,2018-12-06,Iceland
2068,5,2020-06-16,Iceland
2069,2,2020-12-22,Wasabi
2070,3,2020-07-10,Iceland
2071,15,2019-10-09,Iceland
2072,26,2021-11-21,Wasabi
2073,1,2017-11-16,Harvey Nichols
2074,5,2019-02-05,Iceland
2075,15,2021-07-21,Harvey Nichols
2076,138,2022-01-12,Iceland
2077,101,2021-06-03,Iceland
2078,100,2020-10-11,Iceland
2079,6,2020-10-21,Iceland
2080,104,2021-04-11,Iceland
2081,5,2018-11-19,Harvey Nichols
2082,2,2017-07-12,Iceland
2083,3,2017-11-21,Harvey Nichols
2084,1,2018-03-16,Iceland
2085,10,2019-06-18,Iceland
2086,2,2019-03-25,Harvey Nichols
2087,2,2020-05-29,Harvey Nichols
2088,98,2020-10-11,Harvey Nichols
2089,2,2019-09-05,Harvey Nichols
2090,104,2022-02-12,Iceland
2091,16,2022-02-16,Wasabi
2092,99,2021-06-05,Iceland
2093,5,2020-08-11,Harvey Nichols
2094,22,2021-08-13,Wasabi
2095,102,2020-09-22,Harvey Nichols
2096,1,2018-10-30,Harvey Nichols
2097,1,2018-12-01,Harvey Nichols
2098,220,2022-05-05,ASOS
2099,2,2019-07-29,Harvey Nichols
2100,7,2019-01-02,Iceland
2101,20,2021-06-24,Wasabi
2102,902,2018-10-28,Iceland
2103,133,2021-01-18,Iceland
2104,11,2021-08-27,Harvey Nichols
2105,182,2022-04-30,ASOS
2106,2,2020-10-23,Harvey Nichols
2107,13,2021-05-31,Harvey Nichols
2108,3,2020-11-14,Harvey Nichols
2109,113,2022-04-21,Iceland
2110,1,2020-02-28,Harvey Nichols
2111,25,2021-11-06,Wasabi
2112,112,2021-01-23,Iceland
2113,397,2020-09-21,Iceland
2114,12,2021-04-21,Wasabi
2115,22,2021-11-13,Harvey Nichols
2116,12,2019-05-16,Iceland
2117,7,2020-09-10,Iceland
2118,29,2022-03-14,Wasabi
2119,3,2020-08-08,Iceland
2120,3,2019-07-17,Iceland
2121,2,2017-06-26,Iceland
2122,26,2019-05-28,Iceland
2123,14,2020-12-27,Harvey Nichols
2124,2,2019-01-27,Harvey Nichols
2125,2,2017-10-06,Iceland
2126,15,2019-09-18,Iceland
2127,7,2019-12-16,Iceland
2128,608,2021-12-09,Iceland
2129,6,2021-02-09,Harvey Nichols
2130,2,2017-07-20,Iceland
2131,1393,2018-10-01,Iceland
2132,3,2019-08-05,Harvey Nichols
2133,10,2021-08-27,Wasabi
2134,1,2019-01-20,Harvey Nichols
2135,200,2021-06-30,Iceland
2136,2,2018-12-26,Harvey Nichols
2137,99,2020-10-12,Harvey Nichols
2138,23,2022-02-28,Wasabi
2139,73,2018-09-14,Iceland
2140,35,2021-11-03,Harvey Nichols
2141,4,2018-09-06,Iceland
2142,97,2021-04-19,Iceland
2143,9,2021-02-14,Harvey Nichols
2144,13,2020-08-14,Harvey Nichols
2145,17,2020-11-27,Harvey Nichols
2146,151,2021-04-29,Iceland
2147,6,2019-04-05,Iceland
2148,230,2020-12-03,Iceland
2149,871,2018-10-09,Iceland
2150,2,2019-06-21,Iceland
2151,1,2019-01-22,Harvey Nichols
2152,8,2021-06-19,Harvey Nichols
2153,31,2021-11-18,Harvey Nichols
2154,2,2019-07-03,Harvey Nichols
2155,6,2018-03-21,Harvey Nichols
2156,6,2020-05-17,Iceland
2157,2,2020-05-10,Iceland
2158,349,2022-04-28,ASOS
2159,1,2020-04-23,Iceland
2160,110,2021-02-26,Iceland
2161,172,2021-11-08,Iceland
2162,14,2020-07-28,Harvey Nichols
2163,9,2020-03-01,Iceland
2164,16,2021-08-04,Wasabi
2165,1,2018-06-06,Iceland
2166,2,2020-06-15,Iceland
2167,1311,2018-09-29,Iceland
2168,7,2020-06-22,Harvey Nichols
2169,3,2020-02-12,Iceland
2170,7,2020-08-17,Iceland
2171,5,2020-02-14,Iceland
2172,114,2022-01-20,Iceland
2173,13,2020-11-10,Harvey Nichols
2174,2,2017-07-01,Iceland
2175,29,2021-11-28,Harvey Nichols
2176,3,2020-04-26,Iceland
2177,207,2021-07-02,Iceland
2178,38,2021-11-09,Wasabi
2179,1,2017-02-12,Iceland
2180,21,2018-07-01,Iceland
2181,19,2019-07-16,Iceland
2182,19,2021-08-21,Wasabi
2183,9,2021-06-14,Harvey Nichols
2184,37,2022-01-12,Wasabi
2185,2,2017-05-28,Iceland
2186,45,2020-10-09,Iceland
2187,33,2022-01-19,Wasabi
2188,3,2016-10-27,Iceland
2189,5,2020-11-19,Harvey Nichols
2190,411,2018-10-15,Iceland
2191,1,2017-08-22,Harvey Nichols
2192,9,2019-01-15,Iceland
2193,1,2018-08-12,Iceland
2194,3,2017-05-05,Iceland
2195,4,2019-08-08,Iceland
2196,163,2020-12-06,Iceland
2197,1,2017-01-09,Iceland
2198,122,2021-08-09,Iceland
2199,80,2021-08-03,Harvey Nichols
2200,9,2020-02-02,Iceland
2201,2,2019-04-07,Harvey Nichols
2202,3,2017-10-24,Iceland
2203,1,2020-05-16,Harvey Nichols
2204,4,2018-10-31,Harvey Nichols
2205,1,2017-11-30,Harvey Nichols
2206,169,2020-12-17,Iceland
2207,1,2020-10-24,Iceland
2208,144,2021-10-09,Iceland
2209,7,2019-02-10,Iceland
2210,13,2021-05-13,Harvey Nichols
2211,12,2018-08-02,Iceland
2212,18,2019-12-05,Iceland
2213,22,2022-04-22,Wasabi
2214,20,2021-07-29,Wasabi
2215,5,2020-06-27,Iceland
2216,3,2020-01-23,Iceland
2217,12,2020-11-08,Iceland
2218,1,2019-11-27,Harvey Nichols
2219,581,2020-09-17,Harvey Nichols
2220,1,2017-03-26,Iceland
2221,13,2019-11-27,Iceland
2222,36,2021-11-28,Wasabi
2223,10,2021-08-26,Harvey Nichols
2224,6,2018-07-22,Iceland
2225,136,2021-01-27,Iceland
2226,135,2018-12-19,Iceland
2227,104,2021-02-24,Iceland
2228,1,2019-07-09,Harvey Nichols
2229,1,2020-06-10,Harvey Nichols
2230,8,2021-04-17,Harvey Nichols
2231,1,2017-04-14,Iceland
2232,4,2020-10-21,Harvey Nichols
2233,34,2020-08-26,Iceland
2234,19,2019-10-10,Iceland
2235,8,2021-04-03,Wasabi
2236,2,2020-09-05,Iceland
2237,1,2019-06-20,Iceland
2238,84,2021-05-13,Iceland
2239,96,2021-03-03,Iceland
2240,16,2022-05-02,Wasabi
2241,12,2019-04-29,Iceland
2242,4,2020-05-12,Iceland
2243,1,2018-11-06,Harvey Nichols
2244,6,2021-04-04,Wasabi
2245,124,2022-01-15,Iceland
2246,20,2019-09-28,Iceland
2247,173,2021-12-02,Iceland
2248,117,2020-12-12,Iceland
2249,1,2017-10-29,Iceland
2250,2,2017-03-09,Iceland
2251,165,2021-11-30,Iceland
2252,8,2020-03-26,Iceland
2253,2,2019-02-21,Harvey Nichols
2254,1,2017-03-20,Iceland
2255,168,2021-12-10,Iceland
2256,14,2020-09-02,Harvey Nichols
2257,118,2021-05-17,Iceland
2258,792,2018-10-26,Iceland
2259,2509,2018-10-04,Iceland
2260,105,2021-06-07,Iceland
2261,27,2022-05-06,Wasabi
2262,27,2022-03-02,Wasabi
2263,56,2021-12-08,Wasabi
2264,8,2021-04-02,Harvey Nichols
2265,21,2019-10-01,Iceland
2266,94,2021-02-13,Iceland
2267,31,2021-10-22,Wasabi
2268,35,2022-02-26,Wasabi
2269,132,2022-01-31,Iceland
2270,1,2018-10-05,Harvey Nichols
2271,1,2018-01-26,Iceland
2272,74,2021-08-25,Iceland
2273,2,2018-11-18,Harvey Nichols
2274,3,2019-09-16,Harvey Nichols
2275,10,2021-07-31,Harvey Nichols
2276,143,2022-02-23,Iceland
2277,13,2021-06-18,Harvey Nichols
2278,1,2018-01-06,Harvey Nichols
2279,1,2020-10-23,Iceland
2280,9,2021-04-12,Harvey Nichols
2281,18,2019-11-02,Iceland
2282,1,2016-11-27,Iceland
2283,19,2021-08-26,Wasabi
2284,4,2017-06-10,Iceland
2285,12,2018-12-05,Iceland
2286,5,2020-01-15,Iceland
2287,139,2021-01-03,Iceland
2288,31,2019-10-21,Iceland
2289,1,2017-02-16,Iceland
2290,6,2021-05-21,Wasabi
2291,13,2021-07-17,Wasabi
2292,3,2019-07-25,Iceland
2293,6,2019-12-10,Iceland
2294,1,2019-08-08,Harvey Nichols
2295,26,2022-01-27,Wasabi
2296,146,2021-11-19,Iceland
2297,2,2019-12-25,Iceland
2298,99,2021-06-09,Iceland
2299,1,2019-03-19,Harvey Nichols
2300,4,2020-08-29,Iceland
2301,78,2022-03-19,Iceland
2302,25,2019-09-09,Iceland
2303,17,2021-10-03,Wasabi
2304,34,2021-10-17,Harvey Nichols
2305,112,2022-02-14,Iceland
2306,14,2021-04-19,Harvey Nichols
2307,6,2016-12-05,Iceland
2308,19,2018-06-27,Iceland
2309,16,2021-09-12,Harvey Nichols
2310,18,2020-12-13,Harvey Nichols
2311,7,2020-03-03,Iceland
2312,102,2021-07-29,Iceland
2313,99,2021-04-30,Iceland
2314,15,2020-01-28,Iceland
2315,32,2022-04-08,Wasabi
2316,245,2021-10-16,Iceland
2317,3,2020-03-23,Iceland
2318,3,2017-03-30,Iceland
2319,23,2021-06-28,Harvey Nichols
2320,1,2017-11-26,Iceland
2321,7,2021-02-14,Wasabi
2322,11,2021-02-26,Wasabi
2323,13,2021-06-20,Harvey Nichols
2324,39,2019-02-15,Iceland
2325,28,2021-09-22,Harvey Nichols
2326,17,2018-12-01,Iceland
2327,124,2022-01-13,Iceland
2328,5,2019-07-18,Iceland
2329,159,2020-12-31,Iceland
2330,8,2021-08-29,Harvey Nichols
2331,5,2020-09-04,Iceland
2332,1,2017-06-27,Iceland
2333,14,2019-10-06,Iceland
2334,1,2018-01-22,Iceland
2335,2,2016-11-13,Iceland
2336,2,2020-02-06,Harvey Nichols
2337,30,2022-04-12,Wasabi
2338,2,2020-04-25,Iceland
2339,1,2017-08-14,Iceland
2340,70,2021-03-07,Iceland
2341,2,2019-07-20,Iceland
2342,1,2017-11-03,Harvey Nichols
2343,12,2021-02-15,Harvey Nichols
2344,1,2017-03-22,Iceland
2345,13,2019-01-22,Iceland
2346,23,2020-01-18,Iceland
2347,1,2018-10-23,Harvey Nichols
2348,28,2020-12-15,Harvey Nichols
2349,4,2020-04-11,Iceland
2350,6,2021-03-29,Wasabi
2351,43,2021-06-29,Wasabi
2352,249,2021-12-15,Iceland
2353,41,2022-01-03,Wasabi
2354,1,2017-01-17,Iceland
2355,27,2022-02-25,Wasabi
2356,101,2020-10-04,Harvey Nichols
2357,14,2016-11-07,Iceland
2358,9,2020-03-09,Iceland
2359,19,2018-12-21,Iceland
2360,6,2019-04-23,Harvey Nichols
2361,7,2018-08-27,Iceland
2362,2,2020-05-25,Iceland
2363,20,2022-05-14,Wasabi
2364,2,2017-01-13,Iceland
2365,12,2021-06-01,Wasabi
2366,16,2020-02-05,Iceland
2367,18,2021-09-01,Wasabi
2368,16,2020-02-07,Iceland
2369,15,2019-03-11,Iceland
2370,143,2021-02-09,Iceland
2371,17,2021-02-03,Wasabi
2372,30,2018-07-12,Iceland
2373,1,2016-11-25,Iceland
2374,6,2020-03-02,Iceland
2375,1,2018-12-31,Iceland
2376,30,2021-01-06,Harvey Nichols
2377,6,2018-08-03,Iceland
2378,100,2020-10-02,Iceland
2379,5,2019-12-29,Iceland
2380,2,2016-11-28,Iceland
2381,1,2016-11-04,Iceland
2382,46,2020-10-06,Harvey Nichols
2383,1,2018-01-19,Iceland
2384,12,2021-06-16,Harvey Nichols
2385,3,2020-08-10,Harvey Nichols
2386,22,2020-12-18,Harvey Nichols
2387,4,2019-12-23,Harvey Nichols
2388,12,2021-01-17,Harvey Nichols
2389,12,2019-06-25,Iceland
2390,20,2019-08-23,Iceland
2391,10,2020-01-25,Iceland
2392,109,2021-07-21,Iceland
2393,1,2017-11-22,Iceland
2394,18,2021-11-14,Harvey Nichols
2395,15,2021-06-11,Harvey Nichols
2396,158,2021-01-01,Iceland
2397,1,2020-05-07,Iceland
2398,146,2021-01-14,Iceland
2399,2,2021-12-23,Harvey Nichols
2400,103,2022-05-13,Iceland
2401,1,2020-09-15,Harvey Nichols
2402,2,2020-04-05,Iceland
2403,7,2021-02-21,Wasabi
2404,1,2017-11-12,Iceland
2405,26,2019-08-29,Iceland
2406,5,2020-10-08,Harvey Nichols
2407,1,2019-02-22,Harvey Nichols
2408,12,2021-01-12,Harvey Nichols
2409,2,2016-10-28,Harvey Nichols
2410,14,2022-04-27,Wasabi
2411,1,2017-10-21,Iceland
2412,1,2017-06-17,Iceland
2413,9,2020-11-26,Harvey Nichols
2414,104,2020-11-30,Iceland
2415,1,2019-05-04,Harvey Nichols
2416,18,2019-09-24,Iceland
2417,2,2018-10-24,Harvey Nichols
2418,4331,2018-09-20,Iceland
2419,7,2019-05-11,Iceland
2420,1898,2018-10-05,Iceland
2421,100,2021-08-11,Iceland
2422,20,2021-02-16,Wasabi
2423,13,2021-04-10,Wasabi
2424,7,2018-08-08,Iceland
2425,34,2022-03-25,Wasabi
2426,2,2020-04-21,Iceland
2427,238,2021-10-17,Iceland
2428,10,2021-06-14,Wasabi
2429,12,2021-05-09,Harvey Nichols
2430,13,2020-01-20,Iceland
2431,4,2019-08-12,Iceland
2432,29,2022-05-05,Wasabi
2433,39,2021-07-01,Wasabi
2434,72,2020-11-11,Iceland
2435,4,2020-05-20,Iceland
2436,1,2020-04-15,Harvey Nichols
2437,113,2021-01-16,Iceland
2438,3,2018-06-15,Iceland
2439,1,2016-11-06,Harvey Nichols
2440,22,2021-12-12,Harvey Nichols
2441,108,2021-05-25,Iceland
2442,1,2018-07-09,Harvey Nichols
2443,14,2021-01-24,Harvey Nichols
2444,135,2021-02-01,Iceland
2445,14,2020-11-04,Iceland
2446,121,2021-12-19,Iceland
2447,113,2022-02-19,Iceland
2448,5,2020-11-25,Harvey Nichols
2449,1,2016-11-24,Iceland
2450,138,2018-09-15,Iceland
2451,13,2021-03-04,Wasabi
2452,165,2021-10-11,Iceland
2453,101,2020-09-29,Harvey Nichols
2454,17,2019-01-28,Iceland
2455,29,2021-09-02,Harvey Nichols
2456,1,2020-04-27,Iceland
2457,3,2017-07-26,Iceland
2458,9,2021-02-24,Wasabi
2459,87,2021-08-12,Iceland
2460,14,2021-10-08,Harvey Nichols
2461,2,2018-11-05,Harvey Nichols
2462,30,2021-10-19,Harvey Nichols
2463,63,2021-04-04,Iceland
2464,14,2019-10-24,Iceland
2465,10,2019-09-22,Iceland
2466,2,2020-04-04,Iceland
2467,112,2022-04-03,Iceland
2468,97,2021-08-13,Iceland
2469,2,2020-06-17,Harvey Nichols
2470,1,2019-06-19,Harvey Nichols
2471,29,2018-11-14,Harvey Nichols
2472,27,2020-12-21,Harvey Nichols
2473,22,2019-10-14,Iceland
2474,24,2022-04-18,Wasabi
2475,1,2017-01-07,Iceland
2476,1,2018-03-07,Iceland
2477,1,2018-05-21,Iceland
2478,5,2019-05-31,Iceland
2479,69,2021-03-21,Iceland
2480,2,2020-02-10,Harvey Nichols
2481,3227,2018-09-18,Iceland
2482,81,2021-04-01,Iceland
2483,32,2021-11-29,Harvey Nichols
2484,7,2019-04-23,Iceland
2485,3,2018-06-18,Iceland
2486,85,2021-02-07,Iceland
2487,2,2020-10-30,Harvey Nichols
2488,82,2021-06-14,Iceland
2489,10,2018-06-30,Iceland
2490,12,2021-08-20,Wasabi
2491,80,2021-03-09,Harvey Nichols
2492,1,2018-09-20,Harvey Nichols
2493,1,2020-07-09,Harvey Nichols
2494,3,2019-02-11,Harvey Nichols
2495,127,2021-07-23,Iceland
2496,11,2021-03-27,Wasabi
2497,2,2017-09-05,Iceland
2498,101,2021-05-12,Iceland
2499,3,2020-09-12,Iceland
2500,1,2017-07-07,Iceland
2501,8,2019-03-31,Iceland
2502,6,2020-08-28,Iceland
2503,2,2017-12-22,Harvey Nichols
2504,23,2019-11-17,Iceland
2505,2,2018-08-26,Iceland
2506,17,2021-09-11,Harvey Nichols
2507,6,2020-06-30,Iceland
2508,20,2018-01-24,Iceland
2509,13,2021-02-26,Harvey Nichols
2510,31,2021-11-21,Harvey Nichols
2511,30,2022-01-09,Wasabi
2512,3,2021-03-28,Wasabi
2513,1,2019-04-08,Harvey Nichols
2514,9,2021-03-03,Wasabi
2515,17,2021-03-03,Harvey Nichols
2516,37,2021-11-16,Harvey Nichols
2517,11,2021-03-22,Wasabi
2518,1,2017-08-18,Iceland
2519,1,2017-05-25,Harvey Nichols
2520,1,2019-12-06,Harvey Nichols
2521,11,2019-12-28,Iceland
2522,1,2018-05-30,Iceland
2523,15,2021-08-17,Wasabi
2524,11,2021-02-07,Wasabi
2525,9,2019-04-26,Iceland
2526,74,2021-03-28,Iceland
2527,189,2020-09-16,Harvey Nichols
2528,7,2020-04-19,Iceland
2529,1,2017-10-27,Harvey Nichols
2530,6,2020-10-29,Iceland
2531,18,2021-04-20,Wasabi
2532,7,2018-07-26,Iceland
2533,1,2020-09-01,Harvey Nichols
2534,101,2020-10-03,Iceland
2535,184,2021-11-11,Iceland
2536,7,2019-12-11,Iceland
2537,93,2020-09-23,Harvey Nichols
2538,118,2022-04-12,Iceland
2539,1,2017-04-10,Iceland
2540,7,2020-01-17,Iceland
2541,28,2021-11-07,Wasabi
2542,101,2021-05-15,Iceland
2543,14,2019-03-29,Iceland
2544,98,2021-05-05,Iceland
2545,1,2017-10-14,Iceland
2546,1,2019-12-24,Harvey Nichols
2547,11,2021-01-15,Harvey Nichols
2548,11,2021-09-07,Harvey Nichols
2549,32,2021-11-17,Wasabi
2550,63,2021-08-15,Iceland
2551,20,2021-09-14,Wasabi
2552,2,2020-02-05,Harvey Nichols
2553,2050,2018-09-26,Iceland
2554,152,2022-05-16,ASOS
2555,169,2021-11-17,Iceland
2556,17,2019-08-24,Iceland
2557,18,2021-06-23,Wasabi
2558,28,2022-03-09,Wasabi
2559,12,2021-07-22,Harvey Nichols
2560,14,2020-01-08,Iceland
2561,19,2021-07-14,Harvey Nichols
2562,8,2020-11-22,Harvey Nichols
2563,201,2021-11-25,Iceland
2564,2,2019-02-17,Harvey Nichols
2565,203,2021-03-10,Iceland
2566,26,2021-11-13,Wasabi
2567,2,2017-05-14,Iceland
2568,147,2021-11-27,Iceland
2569,19,2022-04-16,Wasabi
2570,1,2017-05-06,Iceland
2571,9,2019-03-12,Iceland
2572,26,2022-04-23,Wasabi
2573,5,2020-03-25,Iceland
2574,1,2019-04-28,Harvey Nichols
2575,9,2021-08-11,Harvey Nichols
2576,9,2021-05-30,Wasabi
2577,23,2021-07-12,Wasabi
2578,15,2021-01-05,Harvey Nichols
2579,107,2021-02-25,Iceland
2580,12,2018-11-04,Iceland
2581,1,2016-11-08,Harvey Nichols
2582,111,2021-06-08,Iceland
2583,2,2017-10-05,Iceland
2584,35,2021-04-15,Wasabi
2585,86,2021-06-23,Iceland
2586,8,2021-01-23,Wasabi
2587,1,2018-04-03,Iceland
2588,2,2020-08-22,Iceland
2589,10,2018-11-15,Iceland
2590,4,2022-04-19,ASOS
2591,98,2021-05-21,Iceland
2592,140,2022-04-27,ASOS
2593,8,2020-05-30,Iceland
2594,6,2020-07-17,Iceland
2595,1,2019-03-17,Iceland
2596,1,2017-04-26,Iceland
2597,2,2019-07-21,Iceland
2598,160,2021-07-12,Iceland
2599,120,2021-06-24,Iceland
2600,3,2019-03-24,Iceland
2601,4,2020-12-11,Wasabi
2602,6,2020-09-07,Iceland
2603,1,2016-11-19,Iceland
2604,8,2019-03-21,Harvey Nichols
2605,29,2021-11-08,Harvey Nichols
2606,15,2019-10-11,Iceland
2607,3,2017-09-06,Iceland
2608,2,2018-08-29,Harvey Nichols
2609,18,2022-03-27,Wasabi
2610,25,2021-10-12,Harvey Nichols
2611,4,2019-05-22,Harvey Nichols
2612,47,2021-08-02,Wasabi
2613,26,2021-12-17,Wasabi
2614,88,2021-05-14,Iceland
2615,2,2019-08-06,Iceland
2616,223,2022-04-08,Iceland
2617,1,2019-03-22,Harvey Nichols
2618,1,2018-10-11,Harvey Nichols
2619,1,2020-01-30,Harvey Nichols
2620,14,2019-01-30,Iceland
2621,139,2022-01-26,Iceland
2622,161,2021-11-28,Iceland
2623,15,2021-07-19,Wasabi
2624,3,2018-01-31,Iceland
2625,62,2021-06-13,Iceland
2626,17,2021-04-07,Wasabi
2627,18,2018-12-26,Iceland
2628,7,2021-07-12,Harvey Nichols
2629,13,2020-11-30,Harvey Nichols
2630,3,2018-09-05,Iceland
2631,23,2021-07-05,Wasabi
2632,137,2021-07-07,Iceland
2633,4,2020-08-04,Iceland
2634,1,2019-08-10,Iceland
2635,275,2022-05-04,ASOS
2636,82,2021-03-31,Iceland
2637,6,2020-02-19,Iceland
2638,1,2017-12-04,Harvey Nichols
2639,1,2017-06-04,Iceland
2640,11,2021-05-10,Harvey Nichols
2641,21,2019-10-20,Iceland
2642,21,2021-09-16,Wasabi
2643,102,2020-09-30,Harvey Nichols
2644,22,2021-05-28,Harvey Nichols
2645,23,2021-07-09,Harvey Nichols
2646,4,2020-02-16,Iceland
2647,311,2022-05-06,Iceland
2648,34,2021-10-28,Wasabi
2649,2,2020-08-27,Harvey Nichols
2650,2,2018-01-28,Iceland
2651,17,2021-07-28,Wasabi
2652,5,2018-11-13,Iceland
2653,3,2020-05-14,Harvey Nichols
2654,1,2017-03-25,Harvey Nichols
2655,166,2022-05-09,ASOS
2656,10,2021-01-14,Wasabi
2657,99,2020-10-14,Iceland
2658,17,2021-07-28,Harvey Nichols
2659,23,2019-10-29,Iceland
2660,7,2020-06-29,Iceland
2661,7,2020-08-04,Harvey Nichols
2662,8,2021-04-12,Wasabi
2663,8,2019-11-24,Iceland
2664,119,2021-01-29,Iceland
2665,5,2020-10-26,Harvey Nichols
2666,7,2020-01-22,Iceland
2667,2,2019-12-21,Harvey Nichols
2668,281,2022-04-05,Iceland
2669,7,2021-06-13,Wasabi
2670,1,2017-01-23,Iceland
2671,22,2021-10-09,Wasabi
2672,16,2019-09-14,Iceland
2673,1,2019-06-23,Iceland
2674,77,2021-09-04,Iceland
2675,32,2021-06-30,Wasabi
2676,1,2019-03-14,Harvey Nichols
2677,32,2019-02-20,Harvey Nichols
2678,19,2021-10-06,Harvey Nichols
2679,7,2018-11-14,Iceland
2680,1,2019-05-14,Harvey Nichols
2681,97,2021-03-25,Iceland
2682,8,2019-03-30,Iceland
2683,107,2021-02-16,Iceland
2684,102,2021-04-12,Iceland
2685,2,2020-11-06,Harvey Nichols
2686,10,2020-02-01,Iceland
2687,52,2020-09-16,Iceland
2688,23,2021-04-08,Harvey Nichols
2689,33,2021-11-12,Wasabi
2690,154,2022-05-04,Iceland
2691,5,2017-09-11,Iceland
2692,30,2020-12-10,Harvey Nichols
2693,2,2020-02-09,Harvey Nichols
2694,29,2020-12-23,Harvey Nichols
2695,12,2020-02-09,Iceland
2696,152,2020-12-16,Iceland
2697,92,2020-10-01,Harvey Nichols
2698,2,2019-05-09,Harvey Nichols
2699,11,2021-01-16,Harvey Nichols
2700,13,2021-02-08,Wasabi
2701,3,2016-12-05,Harvey Nichols
2702,112,2021-08-05,Iceland
2703,1,2019-08-07,Harvey Nichols
2704,141,2022-04-29,Iceland
2705,8,2021-05-09,Wasabi
2706,5,2020-07-27,Harvey Nichols
2707,1,2018-01-22,Harvey Nichols
2708,4,2019-02-28,Harvey Nichols
2709,1,2019-10-07,Harvey Nichols
2710,9,2020-02-03,Iceland
2711,5,2019-01-03,Iceland
2712,18,2021-06-27,Wasabi
2713,5,2019-04-10,Iceland
2714,3,2020-08-02,Iceland
2715,2,2020-12-03,Wasabi
2716,4,2018-09-07,Iceland
2717,19,2019-01-23,Iceland
2718,1,2017-04-07,Iceland
2719,1,2018-08-07,Harvey Nichols
2720,195,2021-11-09,Iceland
2721,16,2021-04-30,Wasabi
2722,7,2021-07-20,Harvey Nichols
2723,1077,2018-09-30,Iceland
2724,1,2017-03-07,Harvey Nichols
2725,102,2020-10-04,Iceland
2726,1,2017-10-16,Iceland
2727,6,2019-04-09,Iceland
2728,14,2021-07-10,Wasabi
2729,1,2017-08-01,Iceland
2730,27,2021-09-03,Harvey Nichols
2731,3,2018-11-23,Harvey Nichols
2732,2,2017-08-23,Iceland
2733,3,2020-07-15,Iceland
2734,10,2021-07-07,Harvey Nichols
2735,1,2017-10-21,Harvey Nichols
2736,96,2021-04-20,Iceland
2737,32,2021-07-02,Harvey Nichols
2738,2,2017-03-06,Iceland
2739,4,2020-07-22,Iceland
2740,18,2021-12-10,Wasabi
2741,1,2017-07-23,Iceland
2742,19,2021-07-16,Harvey Nichols
2743,1,2020-11-30,Wasabi
2744,5,2018-11-02,Iceland
2745,14,2020-02-24,Iceland
2746,16,2022-03-13,Wasabi
2747,41,2019-03-06,Iceland
2748,22,2020-12-22,Harvey Nichols
2749,128,2022-03-16,Iceland
2750,1,2019-04-15,Iceland
2751,1,2020-06-21,Harvey Nichols
2752,3,2020-06-26,Iceland
2753,97,2021-08-18,Iceland
2754,12,2021-02-01,Harvey Nichols
2755,13,2018-11-26,Harvey Nichols
2756,1,2017-04-30,Iceland
2757,2,2019-07-27,Iceland
2758,125,2021-07-24,Iceland
2759,143,2021-10-08,Iceland
2760,14,2021-02-13,Harvey Nichols
2761,3,2019-05-15,Iceland
2762,13,2021-02-25,Harvey Nichols
2763,260,2022-05-03,ASOS
2764,6,2021-05-25,Wasabi
2765,19,2021-01-09,Harvey Nichols
2766,5,2019-11-08,Iceland
2767,78,2021-03-14,Iceland
2768,14,2019-03-08,Harvey Nichols
2769,1,2018-04-16,Iceland
2770,155,2020-09-18,Iceland
2771,34,2021-11-15,Wasabi
2772,95,2021-05-09,Iceland
2773,1,2016-12-06,Iceland
2774,26,2022-04-21,ASOS
2775,2,2017-11-10,Harvey Nichols
2776,6,2019-04-20,Iceland
2777,2,2018-05-24,Iceland
2778,1,2019-11-26,Harvey Nichols
2779,19,2022-02-19,Wasabi
2780,145,2021-11-23,Iceland
2781,11,2020-03-10,Iceland
2782,159,2020-12-23,Iceland
2783,2,2019-08-09,Harvey Nichols
2784,122,2021-02-11,Iceland
2785,17,2021-04-08,Wasabi
2786,1,2017-07-31,Harvey Nichols
2787,21,2022-04-19,Wasabi
2788,20,2021-07-14,Wasabi
2789,131,2021-01-20,Iceland
2790,104,2020-09-25,Harvey Nichols
2791,16,2021-08-09,Harvey Nichols
2792,12,2018-07-17,Iceland
2793,141,2021-12-18,Iceland
2794,1,2018-08-08,Harvey Nichols
2795,6,2019-04-22,Iceland
2796,21,2020-02-29,Iceland
2797,173,2022-05-12,ASOS
2798,362,2021-03-08,Iceland
2799,1,2017-02-15,Iceland
2800,196,2020-12-08,Iceland
2801,2,2017-09-07,Iceland
2802,23,2019-08-21,Iceland
2803,1,2017-03-17,Iceland
2804,2,2017-10-04,Iceland
2805,4,2019-05-09,Iceland
2806,1,2020-02-16,Harvey Nichols
2807,14,2022-04-17,Wasabi
2808,9,2019-01-24,Iceland
2809,13,2021-06-19,Wasabi
2810,13,2021-08-16,Wasabi
2811,122,2021-07-17,Iceland
2812,100,2020-09-26,Iceland
2813,29,2022-01-30,Wasabi
2814,10,2018-12-27,Iceland
2815,6,2020-03-30,Iceland
2816,1,2020-05-12,Harvey Nichols
2817,1,2017-11-25,Iceland
2818,44,2020-12-03,Harvey Nichols
2819,11,2019-03-15,Iceland
2820,2,2020-05-26,Harvey Nichols
2821,127,2022-01-21,Iceland
2822,33,2022-01-13,Wasabi
2823,19,2020-11-24,Harvey Nichols
2824,343,2021-03-09,Iceland
2825,11,2021-03-14,Wasabi
2826,3,2020-11-18,Harvey Nichols
2827,2,2020-01-25,Harvey Nichols
2828,96,2021-06-18,Iceland
2829,120,2021-04-08,Iceland
2830,202,2022-03-09,Iceland
2831,3,2019-06-10,Iceland
2832,3,2019-03-06,Harvey Nichols
2833,32,2021-11-16,Wasabi
2834,119,2022-02-26,Iceland
2835,108,2020-10-15,Harvey Nichols
2836,88,2020-09-23,Iceland
2837,16,2021-05-07,Wasabi
2838,17,2021-07-08,Wasabi
2839,4,2020-07-27,Iceland
2840,9,2021-01-21,Harvey Nichols
2841,3,2020-09-04,Harvey Nichols
2842,11,2020-03-07,Iceland
2843,3,2019-09-24,Harvey Nichols
2844,4,2020-04-28,Iceland
2845,98,2021-03-13,Iceland
2846,5,2019-06-26,Iceland
2847,105,2022-01-22,Iceland
2848,1,2019-01-16,Iceland
2849,24,2018-06-24,Iceland
2850,14,2019-12-21,Iceland
2851,10,2021-04-22,Wasabi
2852,100,2020-09-26,Harvey Nichols
2853,91,2021-12-06,Wasabi
2854,1,2018-05-28,Iceland
2855,17,2021-09-07,Wasabi
2856,174,2022-05-10,ASOS
2857,3,2018-12-21,Harvey Nichols
2858,18,2018-07-08,Iceland
2859,9,2020-11-20,Harvey Nichols
2860,148,2021-11-29,Iceland
2861,23,2022-04-02,Wasabi
2862,41,2019-01-14,Iceland
2863,17,2019-09-10,Iceland
2864,9,2021-06-06,Wasabi
2865,148,2022-02-22,Iceland
2866,1,2017-03-28,Iceland
2867,18,2018-09-11,Iceland
2868,221,2021-07-01,Iceland
2869,18,2020-12-26,Harvey Nichols
2870,19,2019-10-04,Iceland
2871,23,2022-01-08,Wasabi
2872,12,2021-08-16,Harvey Nichols
2873,110,2021-02-20,Iceland
2874,1,2017-04-26,Harvey Nichols
2875,4,2018-07-30,Iceland
2876,3,2020-03-12,Harvey Nichols
2877,20,2022-02-11,Wasabi
2878,5,2020-08-13,Harvey Nichols
2879,2,2020-08-07,Iceland
2880,16,2021-09-03,Wasabi
2881,14,2020-02-10,Iceland
2882,72,2021-04-02,Iceland
2883,13,2021-01-10,Harvey Nichols
2884,12,2019-05-22,Iceland
2885,16,2021-07-13,Harvey Nichols
2886,7,2021-03-20,Wasabi
2887,9,2020-09-01,Iceland
2888,26,2022-03-23,Wasabi
2889,40,2021-10-20,Wasabi
2890,1,2017-12-01,Harvey Nichols
2891,9,2021-01-16,Wasabi
2892,329,2018-10-23,Iceland
2893,20,2021-04-30,Harvey Nichols
2894,140,2020-12-20,Iceland
2895,1,2017-08-28,Iceland
2896,148,2021-12-21,Iceland
2897,1,2018-05-10,Harvey Nichols
2898,5,2018-12-30,Iceland
2899,9,2021-06-21,Wasabi
2900,10,2019-08-26,Iceland
2901,102,2022-02-16,Iceland
2902,1,2019-04-02,Iceland
2903,34,2021-12-09,Wasabi
2904,33,2019-08-19,Iceland
2905,1,2019-01-16,Harvey Nichols
2906,1,2017-02-25,Harvey Nichols
2907,112,2020-11-23,Iceland
2908,96,2020-09-24,Harvey Nichols
2909,2,2020-05-01,Harvey Nichols
2910,2,2019-08-02,Iceland
2911,18,2021-05-19,Harvey Nichols
2912,20,2021-04-21,Harvey Nichols
2913,97,2021-06-26,Iceland
2914,1,2018-04-11,Iceland
2915,19,2022-05-16,Wasabi
2916,9,2021-03-18,Wasabi
2917,4,2019-02-27,Iceland
2918,2,2019-12-17,Harvey Nichols
2919,135,2021-09-28,Iceland
2920,1,2017-09-27,Iceland
2921,3,2017-06-28,Iceland
2922,22,2020-12-17,Wasabi
2923,1,2020-02-04,Harvey Nichols
2924,1,2019-08-19,Harvey Nichols
2925,151,2020-09-17,Iceland
2926,33,2022-02-10,Wasabi
2927,18,2021-03-04,Harvey Nichols
2928,320,2022-05-06,ASOS
2929,4,2020-01-01,Iceland
2930,24,2020-12-31,Harvey Nichols
2931,20,2019-02-11,Iceland
2932,1,2017-07-29,Iceland
2933,166,2020-12-11,Iceland
2934,3,2016-11-10,Iceland
2935,5,2019-07-11,Iceland
2936,32,2021-12-01,Wasabi
2937,1,2017-01-11,Iceland
2938,101,2020-10-16,Harvey Nichols
2939,2,2020-06-09,Iceland
2940,8,2018-12-29,Iceland
2941,120,2021-01-10,Iceland
2942,8,2019-01-09,Iceland
2943,81,2021-06-06,Iceland
2944,24,2021-10-11,Wasabi
2945,54,2020-11-17,Iceland
2946,1,2017-10-31,Harvey Nichols
2947,100,2020-10-18,Harvey Nichols
2948,25,2022-02-24,Wasabi
2949,19,2021-07-15,Wasabi
2950,1,2020-08-30,Harvey Nichols
2951,124,2021-01-12,Iceland
2952,6,2018-12-02,Iceland
2953,6,2019-07-19,Iceland
2954,15,2020-11-16,Harvey Nichols
2955,26,2021-12-27,Wasabi
2956,24,2021-10-07,Wasabi
2957,9,2021-02-28,Harvey Nichols
2958,38,2019-10-02,Iceland
2959,98,2020-09-27,Harvey Nichols
2960,23,2021-06-22,Wasabi
2961,1,2019-09-10,Harvey Nichols
2962,31,2022-01-14,Wasabi
2963,28,2021-07-26,Harvey Nichols
2964,13,2021-05-22,Harvey Nichols
2965,10,2021-03-31,Wasabi
2966,33,2022-01-06,Wasabi
2967,17,2021-08-10,Harvey Nichols
2968,100,2021-09-03,Iceland
2969,5,2020-01-14,Iceland
2970,1,2017-05-25,Iceland
2971,132,2022-01-02,Iceland
2972,131,2021-07-28,Iceland
2973,1,2017-02-18,Iceland
2974,15,2020-08-15,Iceland
2975,1,2017-02-05,Iceland
2976,715,2018-10-12,Iceland
2977,1,2018-10-13,Harvey Nichols
2978,6,2020-02-23,Iceland
2979,2,2019-02-23,Harvey Nichols
2980,92,2021-03-29,Iceland
2981,206,2021-11-05,Iceland
2982,1,2019-02-10,Harvey Nichols
2983,1,2020-07-18,Iceland
2984,1,2019-10-28,Harvey Nichols
2985,1,2018-02-05,Iceland
2986,4,2020-06-08,Iceland
2987,60,2021-05-30,Iceland
2988,8,2019-01-10,Iceland
2989,14,2021-09-06,Wasabi
2990,1,2017-03-31,Harvey Nichols
2991,18,2022-02-09,Wasabi
2992,26,2021-10-11,Harvey Nichols
2993,1,2018-07-02,Harvey Nichols
2994,25,2021-10-27,Harvey Nichols
2995,8,2021-02-12,Harvey Nichols
2996,135,2021-10-12,Iceland
2997,1,2018-12-20,Harvey Nichols
2998,1,2017-07-18,Iceland
2999,886,2018-10-10,Iceland
3000,1,2020-07-02,Harvey Nichols
3001,13,2021-03-13,Wasabi
3002,1,2017-04-03,Harvey Nichols
3003,480,2018-10-19,Iceland
3004,11,2020-08-13,Iceland
3005,10,2021-08-20,Harvey Nichols
3006,98,2020-10-03,Harvey Nichols
3007,2,2021-12-16,Harvey Nichols
3008,2,2016-10-30,Harvey Nichols
3009,3,2020-03-14,Harvey Nichols
3010,13,2021-07-24,Wasabi
3011,9,2021-05-23,Wasabi
3012,109,2020-11-28,Iceland
3013,145,2021-10-07,Iceland
3014,107,2021-05-19,Iceland
3015,2,2019-03-21,Iceland
3016,2,2020-04-12,Iceland
3017,91,2022-03-18,Iceland
3018,136,2021-07-14,Iceland
3019,20,2021-09-17,Harvey Nichols
3020,2,2019-04-30,Iceland
3021,1,2020-11-03,Wasabi
3022,94,2020-12-01,Iceland
3023,196,2021-11-16,Iceland
3024,15,2021-05-02,Harvey Nichols
3025,1,2017-02-21,Iceland
3026,1,2017-02-25,Iceland
3027,7,2018-12-24,Iceland
3028,8,2018-11-22,Harvey Nichols
3029,28,2019-09-25,Iceland
3030,2,2017-10-25,Harvey Nichols
3031,193,2022-01-05,Iceland
3032,1,2019-06-14,Iceland
3033,8,2021-04-24,Harvey Nichols
3034,25,2021-11-25,Harvey Nichols
3035,142,2021-01-06,Iceland
3036,2,2017-08-29,Iceland
3037,13,2020-01-10,Iceland
3038,1,2020-05-31,Iceland
3039,23,2021-03-12,Harvey Nichols
3040,80,2018-11-12,Iceland
3041,3,2020-04-15,Iceland
3042,108,2021-08-08,Iceland
3043,5,2020-07-06,Iceland
